id,lv,hp,atk,def,speed,crit,critDamage,pierce,defenseIgnore,lifesteal,evasion,elementBonus,bossDamage
10,1,47,16,8,103,0.07,1.5,0,0,0,0,0,0
11,1,51,15,9,103,0.07,1.5,0,0,0,0,0,0
12,1,36,18,5,109,0.07,1.5,0,0,0,0,0,0
13,1,47,15,7,97,0.07,1.5,0,0,0,0,0,0
14,1,40,17,6,117,0.17,1.5,0,0,0,0,0,0
10,2,56,20,9,103,0.07,1.5,0,0,0,0,0,0
11,2,61,16,12,103,0.07,1.5,0,0,0,0,0,0
12,2,43,23,5,109,0.07,1.5,0,0,0,0,0,0
13,2,58,18,7,97,0.07,1.5,0,0,0,0,0,0
14,2,48,21,6,118,0.17,1.5,0,0,0,0,0,0
10,15,195,82,28,110,0.07,1.5,0,0,0,0,0,0
11,15,206,45,63,110,0.07,1.5,0,0,0,0,0,0
12,15,148,97,13,116,0.07,1.5,0,0,0,0,0,0
13,15,230,62,20,104,0.07,1.5,0,0,0,0,0,0
14,15,169,86,18,124,0.17,1.5,0,0,0,0,0,0
10,30,348,151,48,117,0.07,1.5,0,0,0,0,0,0
11,30,366,75,119,117,0.07,1.5,0,0,0,0,0,0
12,30,263,177,21,123,0.07,1.5,0,0,0,0,0,0
13,30,418,112,31,111,0.07,1.5,0,0,0,0,0,0
14,30,304,158,29,132,0.17,1.5,0,0,0,0,0,0
10,60,654,288,88,132,0.07,1.5,0,0,0,0,0,0
11,60,685,135,232,132,0.07,1.5,0,0,0,0,0,0
12,60,493,339,39,138,0.07,1.5,0,0,0,0,0,0
13,60,796,209,57,126,0.07,1.5,0,0,0,0,0,0
14,60,570,300,53,147,0.17,1.5,0,0,0,0,0,0
