type,level,job_or_id,kind,mode,hp,attack,defense,speed,allocated_hp,allocated_attack,allocated_defense,monster_exp
class,1,0,,,30,10,6,103,30,10,6,
class,1,1,,,22,12,3,109,22,12,3,
class,1,2,,,25,11,4,117,25,11,4,
class,1,3,,,27,10,5,97,27,10,5,
class,2,0,,,35,11,7,103,38,13,7,
class,2,1,,,25,14,3,109,28,16,3,
class,2,2,,,29,12,4,118,32,14,4,
class,2,3,,,31,11,5,97,34,13,5,
class,3,0,,,40,12,8,104,46,16,8,
class,3,1,,,28,16,3,110,34,20,3,
class,3,2,,,33,14,5,118,39,18,5,
class,3,3,,,35,12,6,98,41,16,6,
class,4,0,,,45,14,9,104,54,20,9,
class,4,1,,,31,18,4,110,40,24,4,
class,4,2,,,37,15,5,119,46,21,5,
class,4,3,,,39,14,6,98,48,20,6,
class,5,0,,,50,15,10,105,62,23,10,
class,5,1,,,34,20,4,111,46,28,4,
class,5,2,,,41,17,6,119,53,25,6,
class,5,3,,,43,15,7,99,55,23,7,
class,6,0,,,55,16,11,105,70,26,11,
class,6,1,,,37,22,4,111,52,32,4,
class,6,2,,,45,18,6,120,60,28,6,
class,6,3,,,47,16,7,99,62,26,7,
class,7,0,,,60,18,12,106,78,30,12,
class,7,1,,,40,24,5,112,58,36,5,
class,7,2,,,49,20,7,120,67,32,7,
class,7,3,,,51,18,8,100,69,30,8,
class,8,0,,,65,19,13,106,86,33,13,
class,8,1,,,43,26,5,112,64,40,5,
class,8,2,,,53,21,7,121,74,35,7,
class,8,3,,,55,19,8,100,76,33,8,
class,9,0,,,70,20,14,107,94,36,14,
class,9,1,,,46,28,5,113,70,44,5,
class,9,2,,,57,23,8,121,81,39,8,
class,9,3,,,59,20,9,101,83,36,9,
class,10,0,,,75,22,15,107,102,40,15,
class,10,1,,,49,30,6,113,76,48,6,
class,10,2,,,61,24,8,122,88,42,8,
class,10,3,,,63,22,9,101,90,40,9,
class,11,0,,,80,23,16,108,110,43,16,
class,11,1,,,52,32,6,114,82,52,6,
class,11,2,,,65,26,9,122,95,46,9,
class,11,3,,,67,23,10,102,97,43,10,
class,12,0,,,85,24,17,108,118,46,17,
class,12,1,,,55,34,6,114,88,56,6,
class,12,2,,,69,27,9,123,102,49,9,
class,12,3,,,71,24,10,102,104,46,10,
class,13,0,,,90,26,18,109,126,50,18,
class,13,1,,,58,36,7,115,94,60,7,
class,13,2,,,73,29,10,123,109,53,10,
class,13,3,,,75,26,11,103,111,50,11,
class,14,0,,,95,27,19,109,134,53,19,
class,14,1,,,61,38,7,115,100,64,7,
class,14,2,,,77,30,10,124,116,56,10,
class,14,3,,,79,27,11,103,118,53,11,
class,15,0,,,112,32,22,110,159,64,22,
class,15,1,,,72,46,8,116,119,78,8,
class,15,2,,,91,37,12,124,138,69,12,
class,15,3,,,93,32,13,104,140,64,13,
class,16,0,,,118,35,24,110,168,69,24,
class,16,1,,,75,48,9,116,125,83,9,
class,16,2,,,95,38,12,125,146,72,12,
class,16,3,,,97,35,13,104,148,69,13,
class,17,0,,,123,36,25,111,177,72,25,
class,17,1,,,78,51,9,117,132,87,9,
class,17,2,,,100,40,13,125,153,77,13,
class,17,3,,,102,36,15,105,156,72,15,
class,18,0,,,129,37,26,111,186,76,26,
class,18,1,,,82,53,9,117,139,92,9,
class,18,2,,,104,41,13,126,161,81,13,
class,18,3,,,106,37,15,105,164,76,15,
class,19,0,,,134,39,27,112,195,81,27,
class,19,1,,,85,55,10,118,146,97,10,
class,19,2,,,109,44,15,126,169,85,15,
class,19,3,,,111,39,16,106,171,81,16,
class,20,0,,,140,40,28,112,204,84,28,
class,20,1,,,88,57,10,118,152,101,10,
class,20,2,,,113,45,15,127,177,89,15,
class,20,3,,,115,40,16,106,179,84,16,
class,21,0,,,146,41,29,113,213,87,29,
class,21,1,,,92,60,10,119,159,106,10,
class,21,2,,,118,47,16,127,185,93,16,
class,21,3,,,120,41,17,107,187,87,17,
class,22,0,,,151,44,30,113,222,92,30,
class,22,1,,,95,62,11,119,166,110,11,
class,22,2,,,122,48,16,128,193,97,16,
class,22,3,,,124,44,17,107,195,92,17,
class,23,0,,,157,45,31,114,231,95,31,
class,23,1,,,99,64,11,120,172,115,11,
class,23,2,,,127,51,17,128,200,101,17,
class,23,3,,,129,45,18,108,203,95,18,
class,24,0,,,162,46,32,114,240,99,32,
class,24,1,,,102,67,11,120,179,120,11,
class,24,2,,,131,52,17,129,208,105,17,
class,24,3,,,133,46,18,108,211,99,18,
class,25,0,,,168,48,34,115,249,103,34,
class,25,1,,,105,69,12,121,186,124,12,
class,25,2,,,136,54,18,129,216,109,18,
class,25,3,,,138,48,19,109,218,103,19,
class,26,0,,,174,49,35,115,258,107,35,
class,26,1,,,109,71,12,121,193,129,12,
class,26,2,,,140,55,18,130,224,113,18,
class,26,3,,,142,49,19,109,226,107,19,
class,27,0,,,179,51,36,116,267,110,36,
class,27,1,,,112,74,12,122,199,133,12,
class,27,2,,,144,57,19,130,232,117,19,
class,27,3,,,147,51,20,110,234,110,20,
class,28,0,,,185,53,37,116,276,115,37,
class,28,1,,,115,76,13,122,206,138,13,
class,28,2,,,149,59,19,131,240,121,19,
class,28,3,,,151,53,20,110,242,115,20,
class,29,0,,,190,54,38,117,284,118,38,
class,29,1,,,119,78,13,123,213,143,13,
class,29,2,,,153,61,20,131,248,125,20,
class,29,3,,,156,54,21,111,250,118,21,
class,30,0,,,196,55,39,117,293,122,39,
class,30,1,,,122,81,13,123,220,147,13,
class,30,2,,,158,62,20,132,255,129,20,
class,30,3,,,160,55,21,111,258,122,21,
class,31,0,,,202,57,40,118,302,126,40,
class,31,1,,,125,83,15,124,226,152,15,
class,31,2,,,162,64,21,132,263,133,21,
class,31,3,,,165,57,22,112,265,126,22,
class,32,0,,,207,59,41,118,311,130,41,
class,32,1,,,129,85,15,124,233,156,15,
class,32,2,,,167,66,21,133,271,137,21,
class,32,3,,,169,59,22,112,273,130,22,
class,33,0,,,213,60,43,119,320,133,43,
class,33,1,,,132,87,15,125,240,161,15,
class,33,2,,,171,68,22,133,279,141,22,
class,33,3,,,174,60,24,113,281,133,24,
class,34,0,,,218,62,44,119,329,138,44,
class,34,1,,,136,90,16,125,246,166,16,
class,34,2,,,176,69,22,134,287,145,22,
class,34,3,,,178,62,24,113,289,138,24,
class,35,0,,,224,63,45,120,338,141,45,
class,35,1,,,139,92,16,126,253,170,16,
class,35,2,,,180,71,24,134,295,150,24,
class,35,3,,,183,63,25,114,297,141,25,
class,36,0,,,230,64,46,120,347,145,46,
class,36,1,,,142,94,16,126,260,175,16,
class,36,2,,,185,72,24,135,302,153,24,
class,36,3,,,187,64,25,114,305,145,25,
class,37,0,,,235,67,47,121,356,150,47,
class,37,1,,,146,97,17,127,267,179,17,
class,37,2,,,189,75,25,135,310,158,25,
class,37,3,,,192,67,26,115,312,150,26,
class,38,0,,,241,68,48,121,365,153,48,
class,38,1,,,149,99,17,127,273,184,17,
class,38,2,,,194,76,25,136,318,161,25,
class,38,3,,,196,68,26,115,320,153,26,
class,39,0,,,246,69,49,122,374,156,49,
class,39,1,,,152,101,17,128,280,189,17,
class,39,2,,,198,78,26,136,326,166,26,
class,39,3,,,200,69,27,116,328,156,27,
class,40,0,,,252,71,50,122,383,161,50,
class,40,1,,,156,103,18,128,287,193,18,
class,40,2,,,203,79,26,137,334,169,26,
class,40,3,,,205,71,27,116,336,161,27,
class,41,0,,,258,72,52,123,392,164,52,
class,41,1,,,159,106,18,129,293,198,18,
class,41,2,,,207,82,27,137,342,174,27,
class,41,3,,,209,72,28,117,344,164,28,
class,42,0,,,263,74,53,123,401,168,53,
class,42,1,,,162,108,18,129,300,202,18,
class,42,2,,,212,83,27,138,349,177,27,
class,42,3,,,214,74,28,117,352,168,28,
class,43,0,,,269,76,54,124,410,173,54,
class,43,1,,,166,110,19,130,307,207,19,
class,43,2,,,216,85,28,138,357,182,28,
class,43,3,,,218,76,29,118,360,173,29,
class,44,0,,,274,77,55,124,419,176,55,
class,44,1,,,169,113,19,130,314,212,19,
class,44,2,,,221,86,28,139,365,185,28,
class,44,3,,,223,77,29,118,367,176,29,
class,45,0,,,280,78,56,125,428,179,56,
class,45,1,,,172,115,19,131,320,216,19,
class,45,2,,,225,89,29,139,373,190,29,
class,45,3,,,227,78,30,119,375,179,30,
class,46,0,,,286,81,57,125,437,184,57,
class,46,1,,,176,117,20,131,327,221,20,
class,46,2,,,230,90,29,140,381,193,29,
class,46,3,,,232,81,30,119,383,184,30,
class,47,0,,,291,82,58,126,446,187,58,
class,47,1,,,179,120,20,132,334,225,20,
class,47,2,,,234,92,30,140,389,198,30,
class,47,3,,,236,82,31,120,391,187,31,
class,48,0,,,297,83,59,126,455,191,59,
class,48,1,,,183,122,20,132,340,230,20,
class,48,2,,,239,93,30,141,396,201,30,
class,48,3,,,241,83,31,120,399,191,31,
class,49,0,,,302,85,60,127,464,195,60,
class,49,1,,,186,124,21,133,347,235,21,
class,49,2,,,243,95,31,141,404,206,31,
class,49,3,,,245,85,32,121,407,195,32,
class,50,0,,,308,86,62,127,473,199,62,
class,50,1,,,189,126,21,133,354,239,21,
class,50,2,,,248,97,31,142,412,209,31,
class,50,3,,,250,86,32,121,414,199,32,
class,51,0,,,314,87,63,128,482,202,63,
class,51,1,,,193,129,21,134,361,244,21,
class,51,2,,,252,99,32,142,420,214,32,
class,51,3,,,254,87,34,122,422,202,34,
class,52,0,,,319,90,64,128,491,207,64,
class,52,1,,,196,131,22,134,367,248,22,
class,52,2,,,256,100,32,143,428,217,32,
class,52,3,,,259,90,34,122,430,207,34,
class,53,0,,,325,91,65,129,500,210,65,
class,53,1,,,199,133,22,135,374,253,22,
class,53,2,,,261,102,34,143,436,222,34,
class,53,3,,,263,91,35,123,438,210,35,
class,54,0,,,330,92,66,129,508,214,66,
class,54,1,,,203,136,22,135,381,258,22,
class,54,2,,,265,103,34,144,444,225,34,
class,54,3,,,268,92,35,123,446,214,35,
class,55,0,,,336,94,67,130,517,218,67,
class,55,1,,,206,138,24,136,388,262,24,
class,55,2,,,270,106,35,144,451,230,35,
class,55,3,,,272,94,36,124,454,218,36,
class,56,0,,,342,95,68,130,526,222,68,
class,56,1,,,209,140,24,136,394,267,24,
class,56,2,,,274,107,35,145,459,233,35,
class,56,3,,,277,95,36,124,461,222,36,
class,57,0,,,347,97,69,131,535,225,69,
class,57,1,,,213,143,24,137,401,271,24,
class,57,2,,,279,109,36,145,467,238,36,
class,57,3,,,281,97,37,125,469,225,37,
class,58,0,,,353,99,71,131,544,230,71,
class,58,1,,,216,145,25,137,408,276,25,
class,58,2,,,283,110,36,146,475,241,36,
class,58,3,,,286,99,37,125,477,230,37,
class,59,0,,,358,100,72,132,553,233,72,
class,59,1,,,220,147,25,138,414,281,25,
class,59,2,,,288,113,37,146,483,246,37,
class,59,3,,,290,100,38,126,485,233,38,
class,60,0,,,364,101,73,132,562,237,73,
class,60,1,,,223,150,25,138,421,285,25,
class,60,2,,,292,114,37,147,491,250,37,
class,60,3,,,295,101,38,126,493,237,38,
companion,1,10,,,30,10,6,103,,,,
companion,1,11,,,30,10,6,103,,,,
companion,1,12,,,22,12,3,109,,,,
companion,1,13,,,27,10,5,97,,,,
companion,1,14,,,25,11,4,117,,,,
companion,2,10,,,38,13,7,103,,,,
companion,2,11,,,38,11,9,103,,,,
companion,2,12,,,28,16,3,109,,,,
companion,2,13,,,37,12,5,97,,,,
companion,2,14,,,32,14,4,118,,,,
companion,3,10,,,46,16,8,104,,,,
companion,3,11,,,46,12,12,104,,,,
companion,3,12,,,34,20,3,110,,,,
companion,3,13,,,47,14,6,98,,,,
companion,3,14,,,39,18,5,118,,,,
companion,4,10,,,54,20,9,104,,,,
companion,4,11,,,54,14,15,104,,,,
companion,4,12,,,40,24,4,110,,,,
companion,4,13,,,57,17,6,98,,,,
companion,4,14,,,46,21,5,119,,,,
companion,5,10,,,62,23,10,105,,,,
companion,5,11,,,62,15,18,105,,,,
companion,5,12,,,46,28,4,111,,,,
companion,5,13,,,67,19,7,99,,,,
companion,5,14,,,53,25,6,119,,,,
companion,6,10,,,70,26,11,105,,,,
companion,6,11,,,70,16,21,105,,,,
companion,6,12,,,52,32,4,111,,,,
companion,6,13,,,77,21,7,99,,,,
companion,6,14,,,60,28,6,120,,,,
companion,7,10,,,78,30,12,106,,,,
companion,7,11,,,78,18,24,106,,,,
companion,7,12,,,58,36,5,112,,,,
companion,7,13,,,87,24,8,100,,,,
companion,7,14,,,67,32,7,120,,,,
companion,8,10,,,86,33,13,106,,,,
companion,8,11,,,86,19,27,106,,,,
companion,8,12,,,64,40,5,112,,,,
companion,8,13,,,97,26,8,100,,,,
companion,8,14,,,74,35,7,121,,,,
companion,9,10,,,94,36,14,107,,,,
companion,9,11,,,94,20,30,107,,,,
companion,9,12,,,70,44,5,113,,,,
companion,9,13,,,107,28,9,101,,,,
companion,9,14,,,81,39,8,121,,,,
companion,10,10,,,102,40,15,107,,,,
companion,10,11,,,102,22,33,107,,,,
companion,10,12,,,76,48,6,113,,,,
companion,10,13,,,117,31,9,101,,,,
companion,10,14,,,88,42,8,122,,,,
companion,11,10,,,110,43,16,108,,,,
companion,11,11,,,110,23,36,108,,,,
companion,11,12,,,82,52,6,114,,,,
companion,11,13,,,127,33,10,102,,,,
companion,11,14,,,95,46,9,122,,,,
companion,12,10,,,118,46,17,108,,,,
companion,12,11,,,118,24,39,108,,,,
companion,12,12,,,88,56,6,114,,,,
companion,12,13,,,137,35,10,102,,,,
companion,12,14,,,102,49,9,123,,,,
companion,13,10,,,126,50,18,109,,,,
companion,13,11,,,126,26,42,109,,,,
companion,13,12,,,94,60,7,115,,,,
companion,13,13,,,147,38,11,103,,,,
companion,13,14,,,109,53,10,123,,,,
companion,14,10,,,134,53,19,109,,,,
companion,14,11,,,134,27,45,109,,,,
companion,14,12,,,100,64,7,115,,,,
companion,14,13,,,157,40,11,103,,,,
companion,14,14,,,116,56,10,124,,,,
companion,15,10,,,159,64,22,110,,,,
companion,15,11,,,159,32,54,110,,,,
companion,15,12,,,119,78,8,116,,,,
companion,15,13,,,187,48,13,104,,,,
companion,15,14,,,138,69,12,124,,,,
companion,16,10,,,168,69,24,110,,,,
companion,16,11,,,168,35,57,110,,,,
companion,16,12,,,125,83,9,116,,,,
companion,16,13,,,198,52,13,104,,,,
companion,16,14,,,146,72,12,125,,,,
companion,17,10,,,177,72,25,111,,,,
companion,17,11,,,177,36,60,111,,,,
companion,17,12,,,132,87,9,117,,,,
companion,17,13,,,209,54,15,105,,,,
companion,17,14,,,153,77,13,125,,,,
companion,18,10,,,186,76,26,111,,,,
companion,18,11,,,186,37,64,111,,,,
companion,18,12,,,139,92,9,117,,,,
companion,18,13,,,221,56,15,105,,,,
companion,18,14,,,161,81,13,126,,,,
companion,19,10,,,195,81,27,112,,,,
companion,19,11,,,195,39,67,112,,,,
companion,19,12,,,146,97,10,118,,,,
companion,19,13,,,232,60,16,106,,,,
companion,19,14,,,169,85,15,126,,,,
companion,20,10,,,204,84,28,112,,,,
companion,20,11,,,204,40,71,112,,,,
companion,20,12,,,152,101,10,118,,,,
companion,20,13,,,243,62,16,106,,,,
companion,20,14,,,177,89,15,127,,,,
companion,21,10,,,213,87,29,113,,,,
companion,21,11,,,213,41,74,113,,,,
companion,21,12,,,159,106,10,119,,,,
companion,21,13,,,254,64,17,107,,,,
companion,21,14,,,185,93,16,127,,,,
companion,22,10,,,222,92,30,113,,,,
companion,22,11,,,222,44,77,113,,,,
companion,22,12,,,166,110,11,119,,,,
companion,22,13,,,265,68,17,107,,,,
companion,22,14,,,193,97,16,128,,,,
companion,23,10,,,231,95,31,114,,,,
companion,23,11,,,231,45,81,114,,,,
companion,23,12,,,172,115,11,120,,,,
companion,23,13,,,277,70,18,108,,,,
companion,23,14,,,200,101,17,128,,,,
companion,24,10,,,240,99,32,114,,,,
companion,24,11,,,240,46,84,114,,,,
companion,24,12,,,179,120,11,120,,,,
companion,24,13,,,288,72,18,108,,,,
companion,24,14,,,208,105,17,129,,,,
companion,25,10,,,249,103,34,115,,,,
companion,25,11,,,249,48,87,115,,,,
companion,25,12,,,186,124,12,121,,,,
companion,25,13,,,299,76,19,109,,,,
companion,25,14,,,216,109,18,129,,,,
companion,26,10,,,258,107,35,115,,,,
companion,26,11,,,258,49,91,115,,,,
companion,26,12,,,193,129,12,121,,,,
companion,26,13,,,310,78,19,109,,,,
companion,26,14,,,224,113,18,130,,,,
companion,27,10,,,267,110,36,116,,,,
companion,27,11,,,267,51,94,116,,,,
companion,27,12,,,199,133,12,122,,,,
companion,27,13,,,321,81,20,110,,,,
companion,27,14,,,232,117,19,130,,,,
companion,28,10,,,276,115,37,116,,,,
companion,28,11,,,276,53,97,116,,,,
companion,28,12,,,206,138,13,122,,,,
companion,28,13,,,333,84,20,110,,,,
companion,28,14,,,240,121,19,131,,,,
companion,29,10,,,284,118,38,117,,,,
companion,29,11,,,284,54,101,117,,,,
companion,29,12,,,213,143,13,123,,,,
companion,29,13,,,344,86,21,111,,,,
companion,29,14,,,248,125,20,131,,,,
companion,30,10,,,293,122,39,117,,,,
companion,30,11,,,293,55,104,117,,,,
companion,30,12,,,220,147,13,123,,,,
companion,30,13,,,355,89,21,111,,,,
companion,30,14,,,255,129,20,132,,,,
companion,31,10,,,302,126,40,118,,,,
companion,31,11,,,302,57,108,118,,,,
companion,31,12,,,226,152,15,124,,,,
companion,31,13,,,366,92,22,112,,,,
companion,31,14,,,263,133,21,132,,,,
companion,32,10,,,311,130,41,118,,,,
companion,32,11,,,311,59,111,118,,,,
companion,32,12,,,233,156,15,124,,,,
companion,32,13,,,377,94,22,112,,,,
companion,32,14,,,271,137,21,133,,,,
companion,33,10,,,320,133,43,119,,,,
companion,33,11,,,320,60,114,119,,,,
companion,33,12,,,240,161,15,125,,,,
companion,33,13,,,389,97,24,113,,,,
companion,33,14,,,279,141,22,133,,,,
companion,34,10,,,329,138,44,119,,,,
companion,34,11,,,329,62,118,119,,,,
companion,34,12,,,246,166,16,125,,,,
companion,34,13,,,400,100,24,113,,,,
companion,34,14,,,287,145,22,134,,,,
companion,35,10,,,338,141,45,120,,,,
companion,35,11,,,338,63,121,120,,,,
companion,35,12,,,253,170,16,126,,,,
companion,35,13,,,411,102,25,114,,,,
companion,35,14,,,295,150,24,134,,,,
companion,36,10,,,347,145,46,120,,,,
companion,36,11,,,347,64,124,120,,,,
companion,36,12,,,260,175,16,126,,,,
companion,36,13,,,422,105,25,114,,,,
companion,36,14,,,302,153,24,135,,,,
companion,37,10,,,356,150,47,121,,,,
companion,37,11,,,356,67,128,121,,,,
companion,37,12,,,267,179,17,127,,,,
companion,37,13,,,433,108,26,115,,,,
companion,37,14,,,310,158,25,135,,,,
companion,38,10,,,365,153,48,121,,,,
companion,38,11,,,365,68,131,121,,,,
companion,38,12,,,273,184,17,127,,,,
companion,38,13,,,445,110,26,115,,,,
companion,38,14,,,318,161,25,136,,,,
companion,39,10,,,374,156,49,122,,,,
companion,39,11,,,374,69,134,122,,,,
companion,39,12,,,280,189,17,128,,,,
companion,39,13,,,456,113,27,116,,,,
companion,39,14,,,326,166,26,136,,,,
companion,40,10,,,383,161,50,122,,,,
companion,40,11,,,383,71,138,122,,,,
companion,40,12,,,287,193,18,128,,,,
companion,40,13,,,467,116,27,116,,,,
companion,40,14,,,334,169,26,137,,,,
companion,41,10,,,392,164,52,123,,,,
companion,41,11,,,392,72,141,123,,,,
companion,41,12,,,293,198,18,129,,,,
companion,41,13,,,478,118,28,117,,,,
companion,41,14,,,342,174,27,137,,,,
companion,42,10,,,401,168,53,123,,,,
companion,42,11,,,401,74,144,123,,,,
companion,42,12,,,300,202,18,129,,,,
companion,42,13,,,489,121,28,117,,,,
companion,42,14,,,349,177,27,138,,,,
companion,43,10,,,410,173,54,124,,,,
companion,43,11,,,410,76,148,124,,,,
companion,43,12,,,307,207,19,130,,,,
companion,43,13,,,501,124,29,118,,,,
companion,43,14,,,357,182,28,138,,,,
companion,44,10,,,419,176,55,124,,,,
companion,44,11,,,419,77,151,124,,,,
companion,44,12,,,314,212,19,130,,,,
companion,44,13,,,512,126,29,118,,,,
companion,44,14,,,365,185,28,139,,,,
companion,45,10,,,428,179,56,125,,,,
companion,45,11,,,428,78,155,125,,,,
companion,45,12,,,320,216,19,131,,,,
companion,45,13,,,523,129,30,119,,,,
companion,45,14,,,373,190,29,139,,,,
companion,46,10,,,437,184,57,125,,,,
companion,46,11,,,437,81,158,125,,,,
companion,46,12,,,327,221,20,131,,,,
companion,46,13,,,534,132,30,119,,,,
companion,46,14,,,381,193,29,140,,,,
companion,47,10,,,446,187,58,126,,,,
companion,47,11,,,446,82,161,126,,,,
companion,47,12,,,334,225,20,132,,,,
companion,47,13,,,545,135,31,120,,,,
companion,47,14,,,389,198,30,140,,,,
companion,48,10,,,455,191,59,126,,,,
companion,48,11,,,455,83,165,126,,,,
companion,48,12,,,340,230,20,132,,,,
companion,48,13,,,557,137,31,120,,,,
companion,48,14,,,396,201,30,141,,,,
companion,49,10,,,464,195,60,127,,,,
companion,49,11,,,464,85,168,127,,,,
companion,49,12,,,347,235,21,133,,,,
companion,49,13,,,568,140,32,121,,,,
companion,49,14,,,404,206,31,141,,,,
companion,50,10,,,473,199,62,127,,,,
companion,50,11,,,473,86,171,127,,,,
companion,50,12,,,354,239,21,133,,,,
companion,50,13,,,579,143,32,121,,,,
companion,50,14,,,412,209,31,142,,,,
companion,51,10,,,482,202,63,128,,,,
companion,51,11,,,482,87,175,128,,,,
companion,51,12,,,361,244,21,134,,,,
companion,51,13,,,590,145,34,122,,,,
companion,51,14,,,420,214,32,142,,,,
companion,52,10,,,491,207,64,128,,,,
companion,52,11,,,491,90,178,128,,,,
companion,52,12,,,367,248,22,134,,,,
companion,52,13,,,601,148,34,122,,,,
companion,52,14,,,428,217,32,143,,,,
companion,53,10,,,500,210,65,129,,,,
companion,53,11,,,500,91,181,129,,,,
companion,53,12,,,374,253,22,135,,,,
companion,53,13,,,613,151,35,123,,,,
companion,53,14,,,436,222,34,143,,,,
companion,54,10,,,508,214,66,129,,,,
companion,54,11,,,508,92,185,129,,,,
companion,54,12,,,381,258,22,135,,,,
companion,54,13,,,624,153,35,123,,,,
companion,54,14,,,444,225,34,144,,,,
companion,55,10,,,517,218,67,130,,,,
companion,55,11,,,517,94,188,130,,,,
companion,55,12,,,388,262,24,136,,,,
companion,55,13,,,635,156,36,124,,,,
companion,55,14,,,451,230,35,144,,,,
companion,56,10,,,526,222,68,130,,,,
companion,56,11,,,526,95,192,130,,,,
companion,56,12,,,394,267,24,136,,,,
companion,56,13,,,646,159,36,124,,,,
companion,56,14,,,459,233,35,145,,,,
companion,57,10,,,535,225,69,131,,,,
companion,57,11,,,535,97,195,131,,,,
companion,57,12,,,401,271,24,137,,,,
companion,57,13,,,657,161,37,125,,,,
companion,57,14,,,467,238,36,145,,,,
companion,58,10,,,544,230,71,131,,,,
companion,58,11,,,544,99,198,131,,,,
companion,58,12,,,408,276,25,137,,,,
companion,58,13,,,669,164,37,125,,,,
companion,58,14,,,475,241,36,146,,,,
companion,59,10,,,553,233,72,132,,,,
companion,59,11,,,553,100,202,132,,,,
companion,59,12,,,414,281,25,138,,,,
companion,59,13,,,680,167,38,126,,,,
companion,59,14,,,483,246,37,146,,,,
companion,60,10,,,562,237,73,132,,,,
companion,60,11,,,562,101,205,132,,,,
companion,60,12,,,421,285,25,138,,,,
companion,60,13,,,691,169,38,126,,,,
companion,60,14,,,491,250,37,147,,,,
monster,1,,normal,0,27,6,1,,,,,27
monster,1,,elite,0,43,7,1,,,,,59
monster,1,,boss,0,244,11,1,,,,,270
monster,1,,normal,1,39,7,1,,,,,39
monster,1,,elite,1,62,8,1,,,,,86
monster,1,,boss,1,354,13,1,,,,,392
monster,1,,normal,2,53,8,1,,,,,54
monster,1,,elite,2,84,10,1,,,,,119
monster,1,,boss,2,476,15,1,,,,,540
monster,2,,normal,0,36,7,1,,,,,36
monster,2,,elite,0,58,9,1,,,,,79
monster,2,,boss,0,328,15,1,,,,,360
monster,2,,normal,1,52,8,1,,,,,52
monster,2,,elite,1,84,11,1,,,,,115
monster,2,,boss,1,476,18,1,,,,,522
monster,2,,normal,2,70,10,1,,,,,72
monster,2,,elite,2,113,13,1,,,,,158
monster,2,,boss,2,640,21,1,,,,,720
monster,3,,normal,0,46,9,2,,,,,45
monster,3,,elite,0,74,11,2,,,,,99
monster,3,,boss,0,415,18,2,,,,,450
monster,3,,normal,1,67,11,2,,,,,65
monster,3,,elite,1,107,13,2,,,,,144
monster,3,,boss,1,602,22,2,,,,,653
monster,3,,normal,2,90,13,2,,,,,90
monster,3,,elite,2,144,15,2,,,,,198
monster,3,,boss,2,809,25,2,,,,,900
monster,4,,normal,0,56,11,2,,,,,54
monster,4,,elite,0,89,13,3,,,,,119
monster,4,,boss,0,503,22,3,,,,,540
monster,4,,normal,1,81,13,2,,,,,78
monster,4,,elite,1,129,16,3,,,,,172
monster,4,,boss,1,729,26,3,,,,,783
monster,4,,normal,2,109,15,2,,,,,108
monster,4,,elite,2,174,18,3,,,,,238
monster,4,,boss,2,981,31,3,,,,,1080
monster,5,,normal,0,66,13,3,,,,,63
monster,5,,elite,0,106,15,3,,,,,139
monster,5,,boss,0,594,25,4,,,,,630
monster,5,,normal,1,96,16,3,,,,,91
monster,5,,elite,1,154,18,3,,,,,201
monster,5,,boss,1,861,30,4,,,,,914
monster,5,,normal,2,129,18,3,,,,,126
monster,5,,elite,2,207,21,3,,,,,277
monster,5,,boss,2,1158,35,5,,,,,1260
monster,6,,normal,0,76,14,4,,,,,72
monster,6,,elite,0,122,17,4,,,,,158
monster,6,,boss,0,687,28,4,,,,,720
monster,6,,normal,1,110,17,4,,,,,104
monster,6,,elite,1,177,20,4,,,,,230
monster,6,,boss,1,996,34,4,,,,,1044
monster,6,,normal,2,148,20,5,,,,,144
monster,6,,elite,2,238,24,5,,,,,317
monster,6,,boss,2,1340,39,5,,,,,1440
monster,7,,normal,0,87,16,4,,,,,81
monster,7,,elite,0,139,19,5,,,,,178
monster,7,,boss,0,782,32,5,,,,,810
monster,7,,normal,1,126,19,4,,,,,117
monster,7,,elite,1,202,23,5,,,,,258
monster,7,,boss,1,1134,38,5,,,,,1175
monster,7,,normal,2,170,22,5,,,,,162
monster,7,,elite,2,271,27,6,,,,,356
monster,7,,boss,2,1525,45,6,,,,,1620
monster,8,,normal,0,98,18,5,,,,,90
monster,8,,elite,0,156,21,5,,,,,198
monster,8,,boss,0,879,35,6,,,,,900
monster,8,,normal,1,142,22,5,,,,,131
monster,8,,elite,1,226,25,5,,,,,287
monster,8,,boss,1,1275,42,6,,,,,1305
monster,8,,normal,2,191,25,6,,,,,180
monster,8,,elite,2,304,29,6,,,,,396
monster,8,,boss,2,1714,49,7,,,,,1800
monster,9,,normal,0,109,19,5,,,,,99
monster,9,,elite,0,174,23,6,,,,,218
monster,9,,boss,0,978,39,6,,,,,990
monster,9,,normal,1,158,23,5,,,,,144
monster,9,,elite,1,252,28,6,,,,,316
monster,9,,boss,1,1418,47,6,,,,,1436
monster,9,,normal,2,213,27,6,,,,,198
monster,9,,elite,2,339,32,7,,,,,436
monster,9,,boss,2,1907,55,7,,,,,1980
monster,10,,normal,0,120,21,6,,,,,108
monster,10,,elite,0,192,25,7,,,,,238
monster,10,,boss,0,1080,42,7,,,,,1080
monster,10,,normal,1,174,25,6,,,,,157
monster,10,,elite,1,278,30,8,,,,,345
monster,10,,boss,1,1566,50,8,,,,,1566
monster,10,,normal,2,234,29,7,,,,,216
monster,10,,elite,2,374,35,8,,,,,475
monster,10,,boss,2,2106,59,8,,,,,2160
monster,11,,normal,0,132,23,7,,,,,117
monster,11,,elite,0,210,27,7,,,,,257
monster,11,,boss,0,1184,45,8,,,,,1170
monster,11,,normal,1,191,28,8,,,,,170
monster,11,,elite,1,305,32,8,,,,,373
monster,11,,boss,1,1717,54,9,,,,,1697
monster,11,,normal,2,257,32,8,,,,,234
monster,11,,elite,2,410,38,8,,,,,515
monster,11,,boss,2,2309,63,9,,,,,2340
monster,12,,normal,0,143,24,7,,,,,126
monster,12,,elite,0,229,29,8,,,,,277
monster,12,,boss,0,1290,49,9,,,,,1260
monster,12,,normal,1,207,29,8,,,,,183
monster,12,,elite,1,332,35,9,,,,,402
monster,12,,boss,1,1871,59,10,,,,,1827
monster,12,,normal,2,279,34,8,,,,,252
monster,12,,elite,2,447,41,9,,,,,554
monster,12,,boss,2,2516,69,10,,,,,2520
monster,13,,normal,0,155,26,8,,,,,135
monster,13,,elite,0,248,31,9,,,,,297
monster,13,,boss,0,1398,52,9,,,,,1350
monster,13,,normal,1,225,31,9,,,,,196
monster,13,,elite,1,360,37,10,,,,,431
monster,13,,boss,1,2027,62,10,,,,,1958
monster,13,,normal,2,302,36,9,,,,,270
monster,13,,elite,2,484,43,10,,,,,594
monster,13,,boss,2,2726,73,10,,,,,2700
monster,14,,normal,0,168,28,8,,,,,144
monster,14,,elite,0,268,33,9,,,,,317
monster,14,,boss,0,1508,56,10,,,,,1440
monster,14,,normal,1,244,34,9,,,,,209
monster,14,,elite,1,389,40,10,,,,,459
monster,14,,boss,1,2187,67,11,,,,,2088
monster,14,,normal,2,328,39,9,,,,,288
monster,14,,elite,2,523,46,10,,,,,634
monster,14,,boss,2,2941,78,12,,,,,2880
monster,15,,normal,0,180,30,9,,,,,153
monster,15,,elite,0,288,35,10,,,,,337
monster,15,,boss,0,1620,59,11,,,,,1530
monster,15,,normal,1,261,36,10,,,,,222
monster,15,,elite,1,418,42,11,,,,,488
monster,15,,boss,1,2349,71,12,,,,,2219
monster,15,,normal,2,351,42,10,,,,,306
monster,15,,elite,2,562,49,12,,,,,673
monster,15,,boss,2,3159,83,13,,,,,3060
monster,16,,normal,0,193,31,10,,,,,162
monster,16,,elite,0,308,37,11,,,,,356
monster,16,,boss,0,1734,62,12,,,,,1620
monster,16,,normal,1,280,37,11,,,,,235
monster,16,,elite,1,447,44,12,,,,,517
monster,16,,boss,1,2514,74,13,,,,,2349
monster,16,,normal,2,376,43,12,,,,,324
monster,16,,elite,2,601,52,13,,,,,713
monster,16,,boss,2,3381,87,14,,,,,3240
monster,17,,normal,0,206,33,10,,,,,171
monster,17,,elite,0,329,39,11,,,,,376
monster,17,,boss,0,1851,66,12,,,,,1710
monster,17,,normal,1,299,40,11,,,,,248
monster,17,,elite,1,477,47,12,,,,,545
monster,17,,boss,1,2684,79,13,,,,,2480
monster,17,,normal,2,402,46,12,,,,,342
monster,17,,elite,2,642,55,13,,,,,752
monster,17,,boss,2,3609,92,14,,,,,3420
monster,18,,normal,0,219,35,11,,,,,180
monster,18,,elite,0,350,42,12,,,,,396
monster,18,,boss,0,1970,69,13,,,,,1800
monster,18,,normal,1,318,42,12,,,,,261
monster,18,,elite,1,508,50,13,,,,,574
monster,18,,boss,1,2857,83,14,,,,,2610
monster,18,,normal,2,427,49,13,,,,,360
monster,18,,elite,2,683,59,14,,,,,792
monster,18,,boss,2,3842,97,15,,,,,3600
monster,19,,normal,0,232,36,11,,,,,189
monster,19,,elite,0,372,44,13,,,,,416
monster,19,,boss,0,2091,73,14,,,,,1890
monster,19,,normal,1,336,43,12,,,,,274
monster,19,,elite,1,539,53,14,,,,,603
monster,19,,boss,1,3032,88,15,,,,,2741
monster,19,,normal,2,452,50,13,,,,,378
monster,19,,elite,2,725,62,15,,,,,832
monster,19,,boss,2,4077,102,16,,,,,3780
monster,20,,normal,0,246,38,12,,,,,198
monster,20,,elite,0,394,46,13,,,,,436
monster,20,,boss,0,2214,76,14,,,,,1980
monster,20,,normal,1,357,46,13,,,,,287
monster,20,,elite,1,571,55,14,,,,,632
monster,20,,boss,1,3210,91,15,,,,,2871
monster,20,,normal,2,480,53,14,,,,,396
monster,20,,elite,2,768,64,15,,,,,871
monster,20,,boss,2,4317,106,16,,,,,3960
monster,21,,normal,0,260,40,13,,,,,207
monster,21,,elite,0,416,48,14,,,,,455
monster,21,,boss,0,2339,79,15,,,,,2070
monster,21,,normal,1,377,48,14,,,,,300
monster,21,,elite,1,603,58,15,,,,,660
monster,21,,boss,1,3392,95,16,,,,,3002
monster,21,,normal,2,507,56,15,,,,,414
monster,21,,elite,2,811,67,16,,,,,911
monster,21,,boss,2,4561,111,17,,,,,4140
monster,22,,normal,0,274,41,13,,,,,216
monster,22,,elite,0,439,50,15,,,,,475
monster,22,,boss,0,2467,83,16,,,,,2160
monster,22,,normal,1,397,49,14,,,,,313
monster,22,,elite,1,637,60,16,,,,,689
monster,22,,boss,1,3577,100,17,,,,,3132
monster,22,,normal,2,534,57,15,,,,,432
monster,22,,elite,2,856,70,17,,,,,950
monster,22,,boss,2,4811,116,18,,,,,4320
monster,23,,normal,0,288,43,14,,,,,225
monster,23,,elite,0,462,52,15,,,,,495
monster,23,,boss,0,2596,86,17,,,,,2250
monster,23,,normal,1,418,52,15,,,,,326
monster,23,,elite,1,670,62,16,,,,,718
monster,23,,boss,1,3764,103,18,,,,,3263
monster,23,,normal,2,562,60,16,,,,,450
monster,23,,elite,2,901,73,17,,,,,990
monster,23,,boss,2,5062,120,20,,,,,4500
monster,24,,normal,0,303,45,14,,,,,234
monster,24,,elite,0,485,54,16,,,,,515
monster,24,,boss,0,2728,90,17,,,,,2340
monster,24,,normal,1,439,54,15,,,,,339
monster,24,,elite,1,703,65,17,,,,,746
monster,24,,boss,1,3956,108,18,,,,,3393
monster,24,,normal,2,591,63,16,,,,,468
monster,24,,elite,2,946,76,18,,,,,1030
monster,24,,boss,2,5320,126,20,,,,,4680
monster,25,,normal,0,318,47,15,,,,,243
monster,25,,elite,0,509,56,17,,,,,535
monster,25,,boss,0,2862,93,18,,,,,2430
monster,25,,normal,1,461,56,16,,,,,352
monster,25,,elite,1,738,67,18,,,,,775
monster,25,,boss,1,4150,112,19,,,,,3524
monster,25,,normal,2,620,66,17,,,,,486
monster,25,,elite,2,993,78,20,,,,,1069
monster,25,,boss,2,5581,130,21,,,,,4860
monster,26,,normal,0,333,48,16,,,,,252
monster,26,,elite,0,533,58,17,,,,,554
monster,26,,boss,0,2998,96,19,,,,,2520
monster,26,,normal,1,483,58,17,,,,,365
monster,26,,elite,1,773,70,18,,,,,804
monster,26,,boss,1,4347,115,21,,,,,3654
monster,26,,normal,2,649,67,18,,,,,504
monster,26,,elite,2,1039,81,20,,,,,1109
monster,26,,boss,2,5846,134,22,,,,,5040
monster,27,,normal,0,348,50,16,,,,,261
monster,27,,elite,0,558,60,18,,,,,574
monster,27,,boss,0,3136,100,19,,,,,2610
monster,27,,normal,1,505,60,17,,,,,378
monster,27,,elite,1,809,72,19,,,,,833
monster,27,,boss,1,4547,120,21,,,,,3785
monster,27,,normal,2,679,70,18,,,,,522
monster,27,,elite,2,1088,84,21,,,,,1148
monster,27,,boss,2,6115,140,22,,,,,5220
monster,28,,normal,0,364,52,17,,,,,270
monster,28,,elite,0,583,62,18,,,,,594
monster,28,,boss,0,3277,103,20,,,,,2700
monster,28,,normal,1,528,62,18,,,,,392
monster,28,,elite,1,845,74,19,,,,,861
monster,28,,boss,1,4752,124,22,,,,,3915
monster,28,,normal,2,710,73,20,,,,,540
monster,28,,elite,2,1137,87,21,,,,,1188
monster,28,,boss,2,6390,144,23,,,,,5400
monster,29,,normal,0,380,53,17,,,,,279
monster,29,,elite,0,608,64,19,,,,,614
monster,29,,boss,0,3419,107,21,,,,,2790
monster,29,,normal,1,551,64,18,,,,,405
monster,29,,elite,1,882,77,21,,,,,890
monster,29,,boss,1,4958,128,23,,,,,4046
monster,29,,normal,2,741,74,20,,,,,558
monster,29,,elite,2,1186,90,22,,,,,1228
monster,29,,boss,2,6667,150,24,,,,,5580
monster,30,,normal,0,396,55,18,,,,,288
monster,30,,elite,0,634,66,20,,,,,634
monster,30,,boss,0,3564,110,22,,,,,2880
monster,30,,normal,1,574,66,19,,,,,418
monster,30,,elite,1,919,79,22,,,,,919
monster,30,,boss,1,5168,132,24,,,,,4176
monster,30,,normal,2,772,77,21,,,,,576
monster,30,,elite,2,1236,92,23,,,,,1267
monster,30,,boss,2,6950,154,25,,,,,5760
monster,31,,normal,0,413,57,19,,,,,297
monster,31,,elite,0,662,68,20,,,,,653
monster,31,,boss,0,3722,113,22,,,,,2970
monster,31,,normal,1,599,68,21,,,,,431
monster,31,,elite,1,960,82,22,,,,,947
monster,31,,boss,1,5397,136,24,,,,,4307
monster,31,,normal,2,805,80,22,,,,,594
monster,31,,elite,2,1291,95,23,,,,,1307
monster,31,,boss,2,7258,158,25,,,,,5940
monster,32,,normal,0,432,58,19,,,,,306
monster,32,,elite,0,690,70,21,,,,,673
monster,32,,boss,0,3883,117,23,,,,,3060
monster,32,,normal,1,626,70,21,,,,,444
monster,32,,elite,1,1001,84,23,,,,,976
monster,32,,boss,1,5630,140,25,,,,,4437
monster,32,,normal,2,842,81,22,,,,,612
monster,32,,elite,2,1346,98,24,,,,,1346
monster,32,,boss,2,7572,164,26,,,,,6120
monster,33,,normal,0,450,60,20,,,,,315
monster,33,,elite,0,719,72,22,,,,,693
monster,33,,boss,0,4047,121,24,,,,,3150
monster,33,,normal,1,653,72,22,,,,,457
monster,33,,elite,1,1043,86,24,,,,,1005
monster,33,,boss,1,5868,145,26,,,,,4568
monster,33,,normal,2,878,84,23,,,,,630
monster,33,,elite,2,1402,101,25,,,,,1386
monster,33,,boss,2,7892,169,28,,,,,6300
monster,34,,normal,0,469,62,20,,,,,324
monster,34,,elite,0,749,75,22,,,,,713
monster,34,,boss,0,4214,125,24,,,,,3240
monster,34,,normal,1,680,74,22,,,,,470
monster,34,,elite,1,1086,90,24,,,,,1034
monster,34,,boss,1,6110,150,26,,,,,4698
monster,34,,normal,2,915,87,23,,,,,648
monster,34,,elite,2,1461,105,25,,,,,1426
monster,34,,boss,2,8217,175,28,,,,,6480
monster,35,,normal,0,487,65,21,,,,,333
monster,35,,elite,0,780,77,23,,,,,733
monster,35,,boss,0,4385,128,25,,,,,3330
monster,35,,normal,1,706,78,23,,,,,483
monster,35,,elite,1,1131,92,25,,,,,1062
monster,35,,boss,1,6358,154,27,,,,,4829
monster,35,,normal,2,950,91,24,,,,,666
monster,35,,elite,2,1521,108,26,,,,,1465
monster,35,,boss,2,8551,179,29,,,,,6660
monster,36,,normal,0,507,66,22,,,,,342
monster,36,,elite,0,810,79,24,,,,,752
monster,36,,boss,0,4559,132,26,,,,,3420
monster,36,,normal,1,735,79,24,,,,,496
monster,36,,elite,1,1175,95,26,,,,,1091
monster,36,,boss,1,6611,158,28,,,,,4959
monster,36,,normal,2,989,92,25,,,,,684
monster,36,,elite,2,1580,111,28,,,,,1505
monster,36,,boss,2,8890,185,30,,,,,6840
monster,37,,normal,0,526,68,22,,,,,351
monster,37,,elite,0,841,81,24,,,,,772
monster,37,,boss,0,4735,136,27,,,,,3510
monster,37,,normal,1,763,82,24,,,,,509
monster,37,,elite,1,1219,97,26,,,,,1120
monster,37,,boss,1,6866,163,29,,,,,5090
monster,37,,normal,2,1026,95,25,,,,,702
monster,37,,elite,2,1640,113,28,,,,,1544
monster,37,,boss,2,9233,190,31,,,,,7020
monster,38,,normal,0,546,70,23,,,,,360
monster,38,,elite,0,873,83,25,,,,,792
monster,38,,boss,0,4915,139,27,,,,,3600
monster,38,,normal,1,792,84,25,,,,,522
monster,38,,elite,1,1266,100,27,,,,,1148
monster,38,,boss,1,7127,167,29,,,,,5220
monster,38,,normal,2,1065,98,26,,,,,720
monster,38,,elite,2,1702,116,29,,,,,1584
monster,38,,boss,2,9584,195,31,,,,,7200
monster,39,,normal,0,567,71,23,,,,,369
monster,39,,elite,0,906,86,26,,,,,812
monster,39,,boss,0,5098,144,28,,,,,3690
monster,39,,normal,1,822,85,25,,,,,535
monster,39,,elite,1,1314,103,28,,,,,1177
monster,39,,boss,1,7392,173,30,,,,,5351
monster,39,,normal,2,1106,99,26,,,,,738
monster,39,,elite,2,1767,120,30,,,,,1624
monster,39,,boss,2,9941,202,32,,,,,7380
monster,40,,normal,0,587,73,24,,,,,378
monster,40,,elite,0,939,88,26,,,,,832
monster,40,,boss,0,5284,147,29,,,,,3780
monster,40,,normal,1,851,88,26,,,,,548
monster,40,,elite,1,1362,106,28,,,,,1206
monster,40,,boss,1,7662,176,31,,,,,5481
monster,40,,normal,2,1145,102,28,,,,,756
monster,40,,elite,2,1831,123,30,,,,,1663
monster,40,,boss,2,10304,206,33,,,,,7560
monster,41,,normal,0,608,76,25,,,,,387
monster,41,,elite,0,973,90,27,,,,,851
monster,41,,boss,0,5473,150,30,,,,,3870
monster,41,,normal,1,882,91,27,,,,,561
monster,41,,elite,1,1411,108,29,,,,,1235
monster,41,,boss,1,7936,180,32,,,,,5612
monster,41,,normal,2,1186,106,29,,,,,774
monster,41,,elite,2,1897,126,31,,,,,1703
monster,41,,boss,2,10672,210,35,,,,,7740
monster,42,,normal,0,630,77,25,,,,,396
monster,42,,elite,0,1007,92,28,,,,,871
monster,42,,boss,0,5666,155,30,,,,,3960
monster,42,,normal,1,914,92,27,,,,,574
monster,42,,elite,1,1460,110,30,,,,,1263
monster,42,,boss,1,8216,186,32,,,,,5742
monster,42,,normal,2,1229,108,29,,,,,792
monster,42,,elite,2,1964,129,32,,,,,1742
monster,42,,boss,2,11049,217,35,,,,,7920
monster,43,,normal,0,651,79,26,,,,,405
monster,43,,elite,0,1042,95,28,,,,,891
monster,43,,boss,0,5862,158,31,,,,,4050
monster,43,,normal,1,944,95,28,,,,,587
monster,43,,elite,1,1511,114,30,,,,,1292
monster,43,,boss,1,8500,190,33,,,,,5873
monster,43,,normal,2,1269,111,30,,,,,810
monster,43,,elite,2,2032,133,32,,,,,1782
monster,43,,boss,2,11431,221,36,,,,,8100
monster,44,,normal,0,673,81,26,,,,,414
monster,44,,elite,0,1077,98,29,,,,,911
monster,44,,boss,0,6061,162,32,,,,,4140
monster,44,,normal,1,976,97,28,,,,,600
monster,44,,elite,1,1562,118,31,,,,,1321
monster,44,,boss,1,8788,194,35,,,,,6003
monster,44,,normal,2,1312,113,30,,,,,828
monster,44,,elite,2,2100,137,33,,,,,1822
monster,44,,boss,2,11819,227,37,,,,,8280
monster,45,,normal,0,696,83,27,,,,,423
monster,45,,elite,0,1114,100,30,,,,,931
monster,45,,boss,0,6264,166,32,,,,,4230
monster,45,,normal,1,1009,100,29,,,,,613
monster,45,,elite,1,1615,120,32,,,,,1349
monster,45,,boss,1,9083,199,35,,,,,6134
monster,45,,normal,2,1357,116,31,,,,,846
monster,45,,elite,2,2172,140,35,,,,,1861
monster,45,,boss,2,12215,232,37,,,,,8460
monster,46,,normal,0,719,85,28,,,,,432
monster,46,,elite,0,1150,102,30,,,,,950
monster,46,,boss,0,6469,169,33,,,,,4320
monster,46,,normal,1,1043,102,30,,,,,626
monster,46,,elite,1,1668,122,32,,,,,1378
monster,46,,boss,1,9380,203,36,,,,,6264
monster,46,,normal,2,1402,119,32,,,,,864
monster,46,,elite,2,2243,143,35,,,,,1901
monster,46,,boss,2,12615,237,38,,,,,8640
monster,47,,normal,0,742,87,28,,,,,441
monster,47,,elite,0,1188,104,31,,,,,970
monster,47,,boss,0,6679,174,34,,,,,4410
monster,47,,normal,1,1076,104,30,,,,,639
monster,47,,elite,1,1723,125,33,,,,,1407
monster,47,,boss,1,9685,209,37,,,,,6395
monster,47,,normal,2,1447,122,32,,,,,882
monster,47,,elite,2,2317,146,36,,,,,1940
monster,47,,boss,2,13024,244,39,,,,,8820
monster,48,,normal,0,765,89,29,,,,,450
monster,48,,elite,0,1225,107,32,,,,,990
monster,48,,boss,0,6891,177,35,,,,,4500
monster,48,,normal,1,1109,107,31,,,,,653
monster,48,,elite,1,1776,128,35,,,,,1436
monster,48,,boss,1,9992,212,38,,,,,6525
monster,48,,normal,2,1492,125,33,,,,,900
monster,48,,elite,2,2389,150,37,,,,,1980
monster,48,,boss,2,13437,248,40,,,,,9000
monster,49,,normal,0,790,90,29,,,,,459
monster,49,,elite,0,1263,109,32,,,,,1010
monster,49,,boss,0,7107,182,35,,,,,4590
monster,49,,normal,1,1146,108,31,,,,,666
monster,49,,elite,1,1831,131,35,,,,,1464
monster,49,,boss,1,10305,218,38,,,,,6656
monster,49,,normal,2,1541,126,33,,,,,918
monster,49,,elite,2,2463,153,37,,,,,2020
monster,49,,boss,2,13859,255,40,,,,,9180
monster,50,,normal,0,814,93,30,,,,,468
monster,50,,elite,0,1303,111,33,,,,,1030
monster,50,,boss,0,7327,185,36,,,,,4680
monster,50,,normal,1,1180,112,32,,,,,679
monster,50,,elite,1,1889,133,36,,,,,1493
monster,50,,boss,1,10624,222,39,,,,,6786
monster,50,,normal,2,1587,130,35,,,,,936
monster,50,,elite,2,2541,155,38,,,,,2059
monster,50,,boss,2,14288,259,41,,,,,9360
monster,51,,normal,0,839,95,31,,,,,477
monster,51,,elite,0,1343,114,34,,,,,1049
monster,51,,boss,0,7549,189,37,,,,,4770
monster,51,,normal,1,1217,114,33,,,,,692
monster,51,,elite,1,1947,137,37,,,,,1522
monster,51,,boss,1,10946,227,40,,,,,6917
monster,51,,normal,2,1636,133,36,,,,,954
monster,51,,elite,2,2619,160,39,,,,,2099
monster,51,,boss,2,14721,265,43,,,,,9540
monster,52,,normal,0,863,96,31,,,,,486
monster,52,,elite,0,1383,116,34,,,,,1069
monster,52,,boss,0,7775,193,37,,,,,4860
monster,52,,normal,1,1251,115,33,,,,,705
monster,52,,elite,1,2005,139,37,,,,,1550
monster,52,,boss,1,11274,232,40,,,,,7047
monster,52,,normal,2,1683,134,36,,,,,972
monster,52,,elite,2,2697,162,39,,,,,2138
monster,52,,boss,2,15161,270,43,,,,,9720
monster,53,,normal,0,889,98,32,,,,,495
monster,53,,elite,0,1423,118,35,,,,,1089
monster,53,,boss,0,8006,197,38,,,,,4950
monster,53,,normal,1,1289,118,35,,,,,718
monster,53,,elite,1,2063,142,38,,,,,1579
monster,53,,boss,1,11609,236,41,,,,,7178
monster,53,,normal,2,1734,137,37,,,,,990
monster,53,,elite,2,2775,165,40,,,,,2178
monster,53,,boss,2,15612,276,44,,,,,9900
monster,54,,normal,0,915,101,32,,,,,504
monster,54,,elite,0,1464,121,36,,,,,1109
monster,54,,boss,0,8238,201,39,,,,,5040
monster,54,,normal,1,1327,121,35,,,,,731
monster,54,,elite,1,2123,145,39,,,,,1608
monster,54,,boss,1,11945,241,42,,,,,7308
monster,54,,normal,2,1784,141,37,,,,,1008
monster,54,,elite,2,2855,169,41,,,,,2218
monster,54,,boss,2,16064,281,45,,,,,10080
monster,55,,normal,0,942,103,33,,,,,513
monster,55,,elite,0,1507,123,36,,,,,1129
monster,55,,boss,0,8475,205,40,,,,,5130
monster,55,,normal,1,1366,124,36,,,,,744
monster,55,,elite,1,2185,148,39,,,,,1636
monster,55,,boss,1,12289,246,43,,,,,7439
monster,55,,normal,2,1837,144,38,,,,,1026
monster,55,,elite,2,2939,172,41,,,,,2257
monster,55,,boss,2,16526,287,46,,,,,10260
monster,56,,normal,0,968,104,34,,,,,522
monster,56,,elite,0,1549,125,37,,,,,1148
monster,56,,boss,0,8716,208,40,,,,,5220
monster,56,,normal,1,1404,125,37,,,,,757
monster,56,,elite,1,2246,150,40,,,,,1665
monster,56,,boss,1,12638,250,43,,,,,7569
monster,56,,normal,2,1888,146,39,,,,,1044
monster,56,,elite,2,3021,175,43,,,,,2297
monster,56,,boss,2,16996,291,46,,,,,10440
monster,57,,normal,0,996,106,34,,,,,531
monster,57,,elite,0,1592,128,38,,,,,1168
monster,57,,boss,0,8959,213,41,,,,,5310
monster,57,,normal,1,1444,127,37,,,,,770
monster,57,,elite,1,2308,154,41,,,,,1694
monster,57,,boss,1,12991,256,44,,,,,7700
monster,57,,normal,2,1942,148,39,,,,,1062
monster,57,,elite,2,3104,179,44,,,,,2336
monster,57,,boss,2,17470,298,47,,,,,10620
monster,58,,normal,0,1023,109,35,,,,,540
monster,58,,elite,0,1637,130,38,,,,,1188
monster,58,,boss,0,9206,216,42,,,,,5400
monster,58,,normal,1,1483,131,38,,,,,783
monster,58,,elite,1,2374,156,41,,,,,1723
monster,58,,boss,1,13349,259,45,,,,,7830
monster,58,,normal,2,1995,153,40,,,,,1080
monster,58,,elite,2,3192,182,44,,,,,2376
monster,58,,boss,2,17952,302,48,,,,,10800
monster,59,,normal,0,1051,110,35,,,,,549
monster,59,,elite,0,1682,132,39,,,,,1208
monster,59,,boss,0,9457,221,42,,,,,5490
monster,59,,normal,1,1524,132,38,,,,,796
monster,59,,elite,1,2439,158,42,,,,,1751
monster,59,,boss,1,13713,265,45,,,,,7961
monster,59,,normal,2,2049,154,40,,,,,1098
monster,59,,elite,2,3280,185,45,,,,,2416
monster,59,,boss,2,18441,309,48,,,,,10980
monster,60,,normal,0,1079,112,36,,,,,558
monster,60,,elite,0,1727,135,40,,,,,1228
monster,60,,boss,0,9712,225,43,,,,,5580
monster,60,,normal,1,1565,134,39,,,,,809
monster,60,,elite,1,2504,162,43,,,,,1780
monster,60,,boss,1,14082,270,46,,,,,8091
monster,60,,normal,2,2104,157,41,,,,,1116
monster,60,,elite,2,3368,189,46,,,,,2455
monster,60,,boss,2,18938,315,49,,,,,11160
