gear_profile,level,team,mode,encounter,winRate,rounds,actions,hp,atk,pressure,deaths
mode-invested,1,安全,0,normal3,1,1,6,136.958333,53.333333,0.016119,0
mode-invested,1,安全,0,normal6,1,3,17.833333,136.958333,53.333333,0.065034,0
mode-invested,1,安全,0,elite,1,1,3,136.958333,53.333333,0.024362,0
mode-invested,1,安全,0,boss,1,3.958333,16.208333,136.958333,53.333333,0.140416,0
mode-invested,1,安全,1,normal3,1,2,9.791667,167.875,59.458333,0.025129,0
mode-invested,1,安全,1,normal6,1,4.875,28.291667,167.875,59.458333,0.092983,0
mode-invested,1,安全,1,elite,1,1,4,167.875,59.458333,0.019893,0
mode-invested,1,安全,1,boss,1,4.958333,19.541667,167.875,59.458333,0.149916,0
mode-invested,1,安全,2,normal3,1,2,9.666667,222.875,87.625,0.02455,0
mode-invested,1,安全,2,normal6,1,4,25.333333,222.875,87.625,0.08594,0
mode-invested,1,安全,2,elite,1,1,4,222.875,87.625,0.021548,0
mode-invested,1,安全,2,boss,1,4.625,19.208333,222.875,87.625,0.137576,0
mode-invested,1,平衡,0,normal3,1,1.208333,7.416667,136.916667,53,0.018894,0
mode-invested,1,平衡,0,normal6,1,3,16.791667,136.916667,53,0.066076,0
mode-invested,1,平衡,0,elite,1,1,3,136.916667,53,0.023139,0
mode-invested,1,平衡,0,boss,1,3.083333,14.375,136.916667,53,0.116617,0
mode-invested,1,平衡,1,normal3,1,1.958333,9.625,167.833333,59.5,0.026355,0
mode-invested,1,平衡,1,normal6,1,3.875,24,167.833333,59.5,0.074111,0
mode-invested,1,平衡,1,elite,1,1,5,167.833333,59.5,0.018881,0
mode-invested,1,平衡,1,boss,1,4.041667,18.125,167.833333,59.5,0.131211,0
mode-invested,1,平衡,2,normal3,1,1.208333,8.375,222.75,87,0.025867,0
mode-invested,1,平衡,2,normal6,1,3.166667,21.5,222.75,87,0.066694,0
mode-invested,1,平衡,2,elite,1,1,5,222.75,87,0.02003,0
mode-invested,1,平衡,2,boss,1,3.791667,16.916667,222.75,87,0.122896,0
mode-invested,1,高輸出,0,normal3,1,1.625,7.625,131.958333,53.333333,0.011979,0
mode-invested,1,高輸出,0,normal6,1,3.458333,18.416667,131.958333,53.333333,0.11302,0
mode-invested,1,高輸出,0,elite,1,1,5,131.958333,53.333333,0.025588,0
mode-invested,1,高輸出,0,boss,1,3.25,14.375,131.958333,53.333333,0.140224,0
mode-invested,1,高輸出,1,normal3,1,1.875,9.25,161.875,59.458333,0.024669,0
mode-invested,1,高輸出,1,normal6,1,3.875,22.666667,161.875,59.458333,0.141971,0
mode-invested,1,高輸出,1,elite,1,1,5,161.875,59.458333,0.020868,0
mode-invested,1,高輸出,1,boss,1,4.333333,18.666667,161.875,59.458333,0.187164,0
mode-invested,1,高輸出,2,normal3,1,1.625,8.583333,211.875,87.125,0.020836,0
mode-invested,1,高輸出,2,normal6,1,3.541667,21.25,211.875,87.125,0.112425,0
mode-invested,1,高輸出,2,elite,1,1,5,211.875,87.125,0.020664,0
mode-invested,1,高輸出,2,boss,1,3.875,17.291667,211.875,87.125,0.158141,0
mode-invested,1,高防禦,0,normal3,1,1.916667,9.208333,147.416667,51,0.024052,0
mode-invested,1,高防禦,0,normal6,1,3.875,22.208333,147.416667,51,0.062634,0
mode-invested,1,高防禦,0,elite,1,1,4,147.416667,51,0.017827,0
mode-invested,1,高防禦,0,boss,1,4,17.25,147.416667,51,0.132621,0
mode-invested,1,高防禦,1,normal3,1,2,13.041667,178.333333,57,0.029351,0
mode-invested,1,高防禦,1,normal6,1,4,31.041667,178.333333,57,0.079713,0
mode-invested,1,高防禦,1,elite,1,1,5.916667,178.333333,57,0.014748,0
mode-invested,1,高防禦,1,boss,1,5,21.333333,178.333333,57,0.147235,0
mode-invested,1,高防禦,2,normal3,1,2,13.041667,238.25,84.5,0.02627,0
mode-invested,1,高防禦,2,normal6,1,4,31.041667,238.25,84.5,0.069851,0
mode-invested,1,高防禦,2,elite,1,1,4.416667,238.25,84.5,0.014203,0
mode-invested,1,高防禦,2,boss,1,4.791667,19.708333,238.25,84.5,0.111856,0
mode-invested,1,三戰士,0,normal3,1,1.5,6.25,149.916667,51,0.004449,0
mode-invested,1,三戰士,0,normal6,1,3.458333,17.958333,149.916667,51,0.058706,0
mode-invested,1,三戰士,0,elite,1,1,5,149.916667,51,0.016983,0
mode-invested,1,三戰士,0,boss,1,3.791667,15.833333,149.916667,51,0.157377,0
mode-invested,1,三戰士,1,normal3,1,2,13.041667,179.833333,57,0.041582,0
mode-invested,1,三戰士,1,normal6,1,4,30.75,179.833333,57,0.135487,0
mode-invested,1,三戰士,1,elite,1,1,5.208333,179.833333,57,0.014176,0
mode-invested,1,三戰士,1,boss,1,4.75,19.583333,179.833333,57,0.187899,0
mode-invested,1,三戰士,2,normal3,1,2,13.041667,239.75,84,0.030976,0
mode-invested,1,三戰士,2,normal6,1,4,30.75,239.75,84,0.101108,0
mode-invested,1,三戰士,2,elite,1,1,5.208333,239.75,84,0.012929,0
mode-invested,1,三戰士,2,boss,1,4.083333,17.916667,239.75,84,0.129594,0
mode-invested,1,雙法師,0,normal3,1,1.625,7.625,121.458333,55.333333,0.015412,0
mode-invested,1,雙法師,0,normal6,1,3.5,18.75,121.458333,55.333333,0.146067,0
mode-invested,1,雙法師,0,elite,1,1,5,121.458333,55.333333,0.032935,0
mode-invested,1,雙法師,0,boss,1,3.041667,13.041667,121.458333,55.333333,0.128941,0
mode-invested,1,雙法師,1,normal3,1,1.625,7.875,151.375,61.958333,0.01234,0
mode-invested,1,雙法師,1,normal6,1,3.875,20.916667,151.375,61.958333,0.134535,0
mode-invested,1,雙法師,1,elite,1,1,5,151.375,61.958333,0.026435,0
mode-invested,1,雙法師,1,boss,1,4.083333,17.416667,151.375,61.958333,0.175833,0
mode-invested,1,雙法師,2,normal3,1,1.625,7.625,196.375,89.625,0.011848,0
mode-invested,1,雙法師,2,normal6,1,3.5,18.75,196.375,89.625,0.108136,0
mode-invested,1,雙法師,2,elite,1,1,5,196.375,89.625,0.028644,0
mode-invested,1,雙法師,2,boss,1,3.5,15.958333,196.375,89.625,0.171936,0
mode-invested,10,安全,0,normal3,1,3,17.25,415.916667,147.791667,0.021559,0
mode-invested,10,安全,0,normal6,1,5.833333,38.791667,415.916667,147.791667,0.097185,0
mode-invested,10,安全,0,elite,1,2,11.666667,415.916667,147.791667,0.034887,0
mode-invested,10,安全,0,boss,1,7.125,31.791667,415.916667,147.791667,0.130271,0
mode-invested,10,安全,1,normal3,1,3.708333,21.875,481.875,178.833333,0.050245,0
mode-invested,10,安全,1,normal6,1,6.541667,46.791667,481.875,178.833333,0.146412,0
mode-invested,10,安全,1,elite,1,2,12.416667,481.875,178.833333,0.036781,0
mode-invested,10,安全,1,boss,1,8.5,36.625,481.875,178.833333,0.141788,0
mode-invested,10,安全,2,normal3,1,4.083333,24.125,572.833333,205.125,0.048994,0
mode-invested,10,安全,2,normal6,1,7.5,54.083333,572.833333,205.125,0.142395,0
mode-invested,10,安全,2,elite,1,2.416667,13.833333,572.833333,205.125,0.035821,0
mode-invested,10,安全,2,boss,1,9.791667,42.708333,572.833333,205.125,0.160301,0
mode-invested,10,平衡,0,normal3,1,2,13.916667,415.833333,167,0.037281,0
mode-invested,10,平衡,0,normal6,1,4.25,28.833333,415.833333,167,0.115342,0
mode-invested,10,平衡,0,elite,1,1.208333,8.041667,415.833333,167,0.040476,0
mode-invested,10,平衡,0,boss,1,4.916667,23.208333,415.833333,167,0.121266,0
mode-invested,10,平衡,1,normal3,1,2.833333,17.916667,481.708333,196.5,0.05853,0
mode-invested,10,平衡,1,normal6,1,5.166667,38.375,481.708333,196.5,0.176059,0
mode-invested,10,平衡,1,elite,1,1.958333,11.791667,481.708333,196.5,0.041425,0
mode-invested,10,平衡,1,boss,1,5.666667,26.958333,481.708333,196.5,0.147495,0
mode-invested,10,平衡,2,normal3,1,2.916667,19.416667,572.583333,224,0.059491,0
mode-invested,10,平衡,2,normal6,1,5.333333,41.25,572.583333,224,0.172115,0
mode-invested,10,平衡,2,elite,1,1.958333,11.958333,572.583333,224,0.039875,0
mode-invested,10,平衡,2,boss,1,6.958333,32.541667,572.583333,224,0.162432,0
mode-invested,10,高輸出,0,normal3,1,1.791667,10.083333,378.916667,175.291667,0.026691,0
mode-invested,10,高輸出,0,normal6,1,3.375,21.25,378.916667,175.291667,0.175543,0
mode-invested,10,高輸出,0,elite,1,1,7,378.916667,175.291667,0.044752,0
mode-invested,10,高輸出,0,boss,1,3.5,17.041667,378.916667,175.291667,0.179688,0
mode-invested,10,高輸出,1,normal3,1,2,11.791667,441.375,204.833333,0.04866,0
mode-invested,10,高輸出,1,normal6,1,4.25,27.958333,441.375,204.833333,0.282814,0
mode-invested,10,高輸出,1,elite,1,1,7,441.375,204.833333,0.046071,0
mode-invested,10,高輸出,1,boss,1,4.166667,20.083333,441.375,204.833333,0.243355,0
mode-invested,10,高輸出,2,normal3,1,2.208333,14.25,528.833333,231.625,0.070878,0
mode-invested,10,高輸出,2,normal6,1,4.625,31.916667,528.833333,231.625,0.310031,0
mode-invested,10,高輸出,2,elite,1,1,8.083333,528.833333,231.625,0.044126,0
mode-invested,10,高輸出,2,boss,1,4.875,22.458333,528.833333,231.625,0.286152,0
mode-invested,10,高防禦,0,normal3,1,4,24.041667,444.833333,117.5,0.046485,0
mode-invested,10,高防禦,0,normal6,1,7.125,50.458333,444.833333,117.5,0.097206,0
mode-invested,10,高防禦,0,elite,1,2.791667,14.625,444.833333,117.5,0.019947,0
mode-invested,10,高防禦,0,boss,1,9.375,41.291667,444.833333,117.5,0.127568,0
mode-invested,10,高防禦,1,normal3,1,4.416667,27.25,515.708333,149,0.055138,0
mode-invested,10,高防禦,1,normal6,1,8.041667,60.416667,515.708333,149,0.104515,0
mode-invested,10,高防禦,1,elite,1,2.958333,15.583333,515.708333,149,0.025132,0
mode-invested,10,高防禦,1,boss,1,10.291667,45.291667,515.708333,149,0.145997,0
mode-invested,10,高防禦,2,normal3,1,4.625,29.083333,607.583333,174.5,0.057119,0
mode-invested,10,高防禦,2,normal6,1,8.708333,65.041667,607.583333,174.5,0.103875,0
mode-invested,10,高防禦,2,elite,1,3,16,607.583333,174.5,0.026271,0
mode-invested,10,高防禦,2,boss,1,11.833333,51.291667,607.583333,174.5,0.154587,0
mode-invested,10,三戰士,0,normal3,1,3,15.666667,428.833333,143,0.039759,0
mode-invested,10,三戰士,0,normal6,1,4.958333,32.833333,428.833333,143,0.168397,0
mode-invested,10,三戰士,0,elite,1,1.958333,9.916667,428.833333,143,0.048266,0
mode-invested,10,三戰士,0,boss,1,5.791667,26,428.833333,143,0.256263,0
mode-invested,10,三戰士,1,normal3,1,3.041667,18.833333,499.208333,174,0.081082,0
mode-invested,10,三戰士,1,normal6,1,5.666667,40.541667,499.208333,174,0.249638,0
mode-invested,10,三戰士,1,elite,1,1.958333,10.083333,499.208333,174,0.054587,0
mode-invested,10,三戰士,1,boss,1,6.75,29.75,499.208333,174,0.30338,0
mode-invested,10,三戰士,2,normal3,1,3.541667,22.083333,590.583333,200,0.11963,0
mode-invested,10,三戰士,2,normal6,1,6.125,47.541667,590.583333,200,0.34952,0
mode-invested,10,三戰士,2,elite,1,2,11,590.583333,200,0.057078,0
mode-invested,10,三戰士,2,boss,1,7.875,34.333333,590.583333,200,0.358164,0
mode-invested,10,雙法師,0,normal3,1,1.625,10.541667,349.916667,186.791667,0.013797,0
mode-invested,10,雙法師,0,normal6,1,3.291667,20.625,349.916667,186.791667,0.123979,0
mode-invested,10,雙法師,0,elite,1,1,7,349.916667,186.791667,0.055012,0
mode-invested,10,雙法師,0,boss,1,3.333333,17.416667,349.916667,186.791667,0.127858,0
mode-invested,10,雙法師,1,normal3,1,1.875,11.833333,407.375,216.333333,0.022181,0
mode-invested,10,雙法師,1,normal6,1,4.083333,27,407.375,216.333333,0.192824,0
mode-invested,10,雙法師,1,elite,1,1,7,407.375,216.333333,0.05554,0
mode-invested,10,雙法師,1,boss,1,4.25,20.916667,407.375,216.333333,0.186769,0
mode-invested,10,雙法師,2,normal3,1,2.166667,13.625,493.833333,243.125,0.032236,0
mode-invested,10,雙法師,2,normal6,1,4.625,30.625,493.833333,243.125,0.200446,0
mode-invested,10,雙法師,2,elite,1,1,8.625,493.833333,243.125,0.051892,0
mode-invested,10,雙法師,2,boss,1,4.916667,23.583333,493.833333,243.125,0.238049,0
mode-invested,15,安全,0,normal3,1,2.833333,14.833333,646.916667,230.958333,0.03122,0
mode-invested,15,安全,0,normal6,1,5.208333,34.625,646.916667,230.958333,0.091145,0
mode-invested,15,安全,0,elite,1,1,4,646.916667,230.958333,0.028232,0
mode-invested,15,安全,0,boss,1,5.541667,25.208333,646.916667,230.958333,0.100454,0
mode-invested,15,安全,1,normal3,1,3,17.916667,741.833333,266.458333,0.035421,0
mode-invested,15,安全,1,normal6,1,5.916667,40.5,741.833333,266.458333,0.104366,0
mode-invested,15,安全,1,elite,1,2,11,741.833333,266.458333,0.030866,0
mode-invested,15,安全,1,boss,1,6.875,30.708333,741.833333,266.458333,0.115201,0
mode-invested,15,安全,2,normal3,1,3.041667,18.291667,877.791667,321.583333,0.033486,0
mode-invested,15,安全,2,normal6,1,6.083333,41.708333,877.791667,321.583333,0.097279,0
mode-invested,15,安全,2,elite,1,2,11,877.791667,321.583333,0.030795,0
mode-invested,15,安全,2,boss,1,7.041667,32.291667,877.791667,321.583333,0.113906,0
mode-invested,15,平衡,0,normal3,1,2,12.541667,646.75,264.208333,0.040666,0
mode-invested,15,平衡,0,normal6,1,3.083333,24.541667,646.75,264.208333,0.097811,0
mode-invested,15,平衡,0,elite,1,1,4,646.75,264.208333,0.03485,0
mode-invested,15,平衡,0,boss,1,3.416667,18,646.75,264.208333,0.078702,0
mode-invested,15,平衡,1,normal3,1,2,12.625,741.583333,298.708333,0.042555,0
mode-invested,15,平衡,1,normal6,1,3.958333,27.458333,741.583333,298.708333,0.104076,0
mode-invested,15,平衡,1,elite,1,1,7,741.583333,298.708333,0.036857,0
mode-invested,15,平衡,1,boss,1,4.666667,23.375,741.583333,298.708333,0.107045,0
mode-invested,15,平衡,2,normal3,1,2.083333,14.125,877.375,354.208333,0.041022,0
mode-invested,15,平衡,2,normal6,1,4.208333,31.041667,877.375,354.208333,0.11116,0
mode-invested,15,平衡,2,elite,1,1,7,877.375,354.208333,0.03624,0
mode-invested,15,平衡,2,boss,1,5.291667,26.208333,877.375,354.208333,0.114239,0
mode-invested,15,高輸出,0,normal3,1,1,10,590.916667,281.958333,0.02298,0
mode-invested,15,高輸出,0,normal6,1,2.791667,17.791667,590.916667,281.958333,0.109309,0
mode-invested,15,高輸出,0,elite,1,1,5.5,590.916667,281.958333,0.024734,0
mode-invested,15,高輸出,0,boss,1,2,12.125,590.916667,281.958333,0.065747,0
mode-invested,15,高輸出,1,normal3,1,1.625,11.583333,679.833333,315.958333,0.037118,0
mode-invested,15,高輸出,1,normal6,1,3.458333,22.875,679.833333,315.958333,0.180708,0
mode-invested,15,高輸出,1,elite,1,1,5.5,679.833333,315.958333,0.025775,0
mode-invested,15,高輸出,1,boss,1,2.625,15.125,679.833333,315.958333,0.165274,0
mode-invested,15,高輸出,2,normal3,1,1.625,11.583333,813.291667,371.083333,0.034715,0
mode-invested,15,高輸出,2,normal6,1,3.625,24.291667,813.291667,371.083333,0.189957,0
mode-invested,15,高輸出,2,elite,1,1,5.5,813.291667,371.083333,0.030165,0
mode-invested,15,高輸出,2,boss,1,3.25,17.75,813.291667,371.083333,0.200795,0
mode-invested,15,高防禦,0,normal3,1,3.583333,23.75,692.75,180.208333,0.036686,0
mode-invested,15,高防禦,0,normal6,1,6.375,48.958333,692.75,180.208333,0.064139,0
mode-invested,15,高防禦,0,elite,1,2.166667,13.166667,692.75,180.208333,0.012923,0
mode-invested,15,高防禦,0,boss,1,7.25,33.666667,692.75,180.208333,0.10763,0
mode-invested,15,高防禦,1,normal3,1,3.833333,24.875,792.583333,215.708333,0.042333,0
mode-invested,15,高防禦,1,normal6,1,6.708333,51.375,792.583333,215.708333,0.067128,0
mode-invested,15,高防禦,1,elite,1,2.208333,13.583333,792.583333,215.708333,0.017135,0
mode-invested,15,高防禦,1,boss,1,9,40.041667,792.583333,215.708333,0.127357,0
mode-invested,15,高防禦,2,normal3,1,3.916667,25.541667,934.375,271.916667,0.045754,0
mode-invested,15,高防禦,2,normal6,1,7.041667,53.916667,934.375,271.916667,0.079835,0
mode-invested,15,高防禦,2,elite,1,2.208333,13.625,934.375,271.916667,0.019895,0
mode-invested,15,高防禦,2,boss,1,9.5,42.333333,934.375,271.916667,0.133253,0
mode-invested,15,三戰士,0,normal3,1,2.208333,15.041667,665.75,230.208333,0.051965,0
mode-invested,15,三戰士,0,normal6,1,4.125,32.291667,665.75,230.208333,0.175405,0
mode-invested,15,三戰士,0,elite,1,1,7,665.75,230.208333,0.025508,0
mode-invested,15,三戰士,0,boss,1,4.625,22.333333,665.75,230.208333,0.172601,0
mode-invested,15,三戰士,1,normal3,1,2.208333,15.125,764.583333,264.208333,0.061895,0
mode-invested,15,三戰士,1,normal6,1,4.708333,34.916667,764.583333,264.208333,0.211233,0
mode-invested,15,三戰士,1,elite,1,1,7,764.583333,264.208333,0.028117,0
mode-invested,15,三戰士,1,boss,1,5.75,26.583333,764.583333,264.208333,0.238904,0
mode-invested,15,三戰士,2,normal3,1,2.25,15.416667,909.875,323.208333,0.067717,0
mode-invested,15,三戰士,2,normal6,1,5.083333,37.166667,909.875,323.208333,0.228909,0
mode-invested,15,三戰士,2,elite,1,1.208333,7.833333,909.875,323.208333,0.031516,0
mode-invested,15,三戰士,2,boss,1,6.083333,27.958333,909.875,323.208333,0.251857,0
mode-invested,15,雙法師,0,normal3,1,1,9,544.916667,297.958333,0,0
mode-invested,15,雙法師,0,normal6,1,2,15,544.916667,297.958333,0.053222,0
mode-invested,15,雙法師,0,elite,1,1,5.5,544.916667,297.958333,0.029417,0
mode-invested,15,雙法師,0,boss,1,2,12.041667,544.916667,297.958333,0.051372,0
mode-invested,15,雙法師,1,normal3,1,1.625,10.625,628.833333,332.958333,0.012243,0
mode-invested,15,雙法師,1,normal6,1,3.291667,19.958333,628.833333,332.958333,0.098947,0
mode-invested,15,雙法師,1,elite,1,1,5.5,628.833333,332.958333,0.030307,0
mode-invested,15,雙法師,1,boss,1,2.375,14.458333,628.833333,332.958333,0.152038,0
mode-invested,15,雙法師,2,normal3,1,1.625,10.625,756.291667,385.583333,0.011225,0
mode-invested,15,雙法師,2,normal6,1,3.541667,22.166667,756.291667,385.583333,0.1121,0
mode-invested,15,雙法師,2,elite,1,1,5.5,756.291667,385.583333,0.035298,0
mode-invested,15,雙法師,2,boss,1,2.958333,16.583333,756.291667,385.583333,0.172828,0
mode-invested,30,安全,0,normal3,1,3,16.333333,1225.75,439.583333,0.015971,0
mode-invested,30,安全,0,normal6,1,5.666667,37.375,1225.75,439.583333,0.065544,0
mode-invested,30,安全,0,elite,1,1,4,1225.75,439.583333,0.028138,0
mode-invested,30,安全,0,boss,1,6.375,28.041667,1225.75,439.583333,0.092264,0
mode-invested,30,安全,0,finalGate,1,9.625,42.291667,1225.75,439.583333,0.09575,0
mode-invested,30,安全,1,normal3,1,3.208333,18.25,1416.666667,508.5,0.027066,0
mode-invested,30,安全,1,normal6,1,6.458333,43.208333,1416.666667,508.5,0.086215,0
mode-invested,30,安全,1,elite,1,2,11,1416.666667,508.5,0.030415,0
mode-invested,30,安全,1,boss,1,7.208333,32.541667,1416.666667,508.5,0.098509,0
mode-invested,30,安全,1,finalGate,1,12.333333,53.041667,1416.666667,508.5,0.113876,0
mode-invested,30,安全,2,normal3,1,3.333333,19.125,1691.5,610,0.031339,0
mode-invested,30,安全,2,normal6,1,6.916667,47.208333,1691.5,610,0.09132,0
mode-invested,30,安全,2,elite,1,2,11,1691.5,610,0.029668,0
mode-invested,30,安全,2,boss,1,8.416667,36.791667,1691.5,610,0.09518,0
mode-invested,30,安全,2,finalGate,1,13.458333,57.416667,1691.5,610,0.125082,0
mode-invested,30,平衡,0,normal3,1,2,11.75,1225.458333,507.125,0.019665,0
mode-invested,30,平衡,0,normal6,1,3.666667,24.541667,1225.458333,507.125,0.077577,0
mode-invested,30,平衡,0,elite,1,1,4,1225.458333,507.125,0.035422,0
mode-invested,30,平衡,0,boss,1,4,20.541667,1225.458333,507.125,0.088998,0
mode-invested,30,平衡,0,finalGate,1,6.333333,30.166667,1225.458333,507.125,0.111818,0
mode-invested,30,平衡,1,normal3,1,2.083333,13.208333,1416.166667,576.625,0.030788,0
mode-invested,30,平衡,1,normal6,1,4.375,31.166667,1416.166667,576.625,0.102353,0
mode-invested,30,平衡,1,elite,1,1,7,1416.166667,576.625,0.036891,0
mode-invested,30,平衡,1,boss,1,5.333333,25.625,1416.166667,576.625,0.110863,0
mode-invested,30,平衡,1,finalGate,1,7.541667,35.375,1416.166667,576.625,0.122761,0
mode-invested,30,平衡,2,normal3,1,2.083333,14.125,1690.833333,678.25,0.037828,0
mode-invested,30,平衡,2,normal6,1,4.666667,32.833333,1690.833333,678.25,0.10276,0
mode-invested,30,平衡,2,elite,1,1.208333,8.041667,1690.833333,678.25,0.035413,0
mode-invested,30,平衡,2,boss,1,6.083333,28.583333,1690.833333,678.25,0.106709,0
mode-invested,30,平衡,2,finalGate,1,8.875,40.416667,1690.833333,678.25,0.125364,0
mode-invested,30,高輸出,0,normal3,1,1.416667,10,1107.25,544.583333,0.00971,0
mode-invested,30,高輸出,0,normal6,1,3.166667,20.25,1107.25,544.583333,0.120879,0
mode-invested,30,高輸出,0,elite,1,1,5.5,1107.25,544.583333,0.025563,0
mode-invested,30,高輸出,0,boss,1,2.083333,13.666667,1107.25,544.583333,0.10872,0
mode-invested,30,高輸出,0,finalGate,1,4.125,21.625,1107.25,544.583333,0.229571,0
mode-invested,30,高輸出,1,normal3,1,1.625,11.041667,1290.666667,612.5,0.025617,0
mode-invested,30,高輸出,1,normal6,1,3.625,23.541667,1290.666667,612.5,0.166661,0
mode-invested,30,高輸出,1,elite,1,1,5.5,1290.666667,612.5,0.026247,0
mode-invested,30,高輸出,1,boss,1,3.125,17.291667,1290.666667,612.5,0.162995,0
mode-invested,30,高輸出,1,finalGate,1,5.625,27.25,1290.666667,612.5,0.347222,0
mode-invested,30,高輸出,2,normal3,1,1.625,11.583333,1553.5,713,0.032885,0
mode-invested,30,高輸出,2,normal6,1,3.833333,25.625,1553.5,713,0.189582,0
mode-invested,30,高輸出,2,elite,1,1,7,1553.5,713,0.038792,0
mode-invested,30,高輸出,2,boss,1,3.916667,20.25,1553.5,713,0.216494,0
mode-invested,30,高輸出,2,finalGate,1,6.083333,29.416667,1553.5,713,0.354821,0
mode-invested,30,高防禦,0,normal3,1,3.875,23.458333,1307.958333,336.625,0.033295,0
mode-invested,30,高防禦,0,normal6,1,6.708333,48.375,1307.958333,336.625,0.079093,0
mode-invested,30,高防禦,0,elite,1,2.208333,13.583333,1307.958333,336.625,0.011706,0
mode-invested,30,高防禦,0,boss,1,8.791667,39.5,1307.958333,336.625,0.084011,0
mode-invested,30,高防禦,0,finalGate,1,14.5,63.125,1307.958333,336.625,0.088991,0
mode-invested,30,高防禦,1,normal3,1,4.291667,27.125,1505.166667,403.625,0.033711,0
mode-invested,30,高防禦,1,normal6,1,8.125,60.208333,1505.166667,403.625,0.077311,0
mode-invested,30,高防禦,1,elite,1,2.875,15.083333,1505.166667,403.625,0.01621,0
mode-invested,30,高防禦,1,boss,1,10.625,46.583333,1505.166667,403.625,0.103829,0
mode-invested,30,高防禦,1,finalGate,1,17.583333,78.333333,1505.166667,403.625,0.133082,0
mode-invested,30,高防禦,2,normal3,1,4.458333,28.375,1785.833333,503.708333,0.042075,0
mode-invested,30,高防禦,2,normal6,1,8.416667,64.083333,1785.833333,503.708333,0.063889,0
mode-invested,30,高防禦,2,elite,1,2.875,15.125,1785.833333,503.708333,0.018269,0
mode-invested,30,高防禦,2,boss,1,11.291667,48.875,1785.833333,503.708333,0.106286,0
mode-invested,30,高防禦,2,finalGate,1,18.583333,83.083333,1785.833333,503.708333,0.136168,0
mode-invested,30,三戰士,0,normal3,1,2.208333,12.125,1242.958333,436.625,0.005577,0
mode-invested,30,三戰士,0,normal6,1,4.541667,28.458333,1242.958333,436.625,0.076478,0
mode-invested,30,三戰士,0,elite,1,1,7.583333,1242.958333,436.625,0.026322,0
mode-invested,30,三戰士,0,boss,1,5.291667,25.083333,1242.958333,436.625,0.193725,0
mode-invested,30,三戰士,0,finalGate,1,7.458333,33.75,1242.958333,436.625,0.240162,0
mode-invested,30,三戰士,1,normal3,1,2.208333,14.041667,1439.166667,502.625,0.03296,0
mode-invested,30,三戰士,1,normal6,1,5.208333,34.666667,1439.166667,502.625,0.143925,0
mode-invested,30,三戰士,1,elite,1,1.208333,8.25,1439.166667,502.625,0.030904,0
mode-invested,30,三戰士,1,boss,1,6.208333,28.666667,1439.166667,502.625,0.247766,0
mode-invested,30,三戰士,1,finalGate,1,10.125,44.208333,1439.166667,502.625,0.367356,0.166667
mode-invested,30,三戰士,2,normal3,1,3.125,19.666667,1717.833333,602.25,0.079624,0
mode-invested,30,三戰士,2,normal6,1,5.541667,41.875,1717.833333,602.25,0.235494,0
mode-invested,30,三戰士,2,elite,1,1.208333,8.25,1717.833333,602.25,0.031105,0
mode-invested,30,三戰士,2,boss,1,6.708333,30.75,1717.833333,602.25,0.266352,0
mode-invested,30,三戰士,2,finalGate,1,11.583333,49.875,1717.833333,602.25,0.425499,0.208333
mode-invested,30,雙法師,0,normal3,1,1.416667,10,1024.75,577.083333,0.008298,0
mode-invested,30,雙法師,0,normal6,1,3.041667,19,1024.75,577.083333,0.090214,0
mode-invested,30,雙法師,0,elite,1,1,5.5,1024.75,577.083333,0.030132,0
mode-invested,30,雙法師,0,boss,1,2,12.708333,1024.75,577.083333,0.051335,0
mode-invested,30,雙法師,0,finalGate,1,3.875,20.625,1024.75,577.083333,0.20065,0
mode-invested,30,雙法師,1,normal3,1,1.625,10.625,1201.666667,647.5,0.011981,0
mode-invested,30,雙法師,1,normal6,1,3.541667,22.125,1201.666667,647.5,0.119127,0
mode-invested,30,雙法師,1,elite,1,1,5.5,1201.666667,647.5,0.030436,0
mode-invested,30,雙法師,1,boss,1,3.125,16.375,1201.666667,647.5,0.11028,0
mode-invested,30,雙法師,1,finalGate,1,5.5,26.833333,1201.666667,647.5,0.307174,0
mode-invested,30,雙法師,2,normal3,1,1.625,10.625,1458.5,748,0.010667,0
mode-invested,30,雙法師,2,normal6,1,3.791667,23.5,1458.5,748,0.113178,0
mode-invested,30,雙法師,2,elite,1,1,7,1458.5,748,0.045598,0
mode-invested,30,雙法師,2,boss,1,3.666667,19.166667,1458.5,748,0.165317,0
mode-invested,30,雙法師,2,finalGate,1,6.083333,29.375,1458.5,748,0.310294,0
mode-invested,31,安全,0,normal3,1,3,15,1309.75,477.041667,0.013482,0
mode-invested,31,安全,0,normal6,1,5.5,36.041667,1309.75,477.041667,0.060171,0
mode-invested,31,安全,0,elite,1,1,4,1309.75,477.041667,0.026303,0
mode-invested,31,安全,0,boss,1,5.666667,25.5,1309.75,477.041667,0.08182,0
mode-invested,31,安全,1,normal3,1,3.083333,16.208333,1531.583333,551.458333,0.027349,0
mode-invested,31,安全,1,normal6,1,6.166667,40.166667,1531.583333,551.458333,0.081724,0
mode-invested,31,安全,1,elite,1,1,4,1531.583333,551.458333,0.027917,0
mode-invested,31,安全,1,boss,1,6.875,30.041667,1531.583333,551.458333,0.090539,0
mode-invested,31,安全,2,normal3,1,3.541667,19.375,1841.375,664.875,0.027455,0
mode-invested,31,安全,2,normal6,1,6.833333,46.5,1841.375,664.875,0.079413,0
mode-invested,31,安全,2,elite,1,2,11,1841.375,664.875,0.026763,0
mode-invested,31,安全,2,boss,1,7.291667,33.291667,1841.375,664.875,0.086345,0
mode-invested,31,平衡,0,normal3,1,2,11.666667,1309.375,546.833333,0.017991,0
mode-invested,31,平衡,0,normal6,1,3.833333,24.458333,1309.375,546.833333,0.070805,0
mode-invested,31,平衡,0,elite,1,1,4,1309.375,546.833333,0.033215,0
mode-invested,31,平衡,0,boss,1,3.5,18.458333,1309.375,546.833333,0.074838,0
mode-invested,31,平衡,1,normal3,1,2.041667,14.5,1531.083333,622.25,0.036433,0
mode-invested,31,平衡,1,normal6,1,4.458333,31,1531.083333,622.25,0.094453,0
mode-invested,31,平衡,1,elite,1,1,4,1531.083333,622.25,0.034422,0
mode-invested,31,平衡,1,boss,1,4.833333,23.625,1531.083333,622.25,0.095353,0
mode-invested,31,平衡,2,normal3,1,2.125,14.583333,1840.541667,737.291667,0.033351,0
mode-invested,31,平衡,2,normal6,1,4.708333,32,1840.541667,737.291667,0.08708,0
mode-invested,31,平衡,2,elite,1,1,7,1840.541667,737.291667,0.032126,0
mode-invested,31,平衡,2,boss,1,5.541667,27,1840.541667,737.291667,0.096231,0
mode-invested,31,高輸出,0,normal3,1,1.625,10.625,1189.25,584.041667,0.01312,0
mode-invested,31,高輸出,0,normal6,1,3.291667,20.791667,1189.25,584.041667,0.114721,0
mode-invested,31,高輸出,0,elite,1,1,5.5,1189.25,584.041667,0.024082,0
mode-invested,31,高輸出,0,boss,1,2.041667,13.458333,1189.25,584.041667,0.096621,0
mode-invested,31,高輸出,1,normal3,1,1.791667,11.916667,1401.583333,658.958333,0.031791,0
mode-invested,31,高輸出,1,normal6,1,3.625,24.541667,1401.583333,658.958333,0.174773,0
mode-invested,31,高輸出,1,elite,1,1,7,1401.583333,658.958333,0.038176,0
mode-invested,31,高輸出,1,boss,1,3.083333,16.458333,1401.583333,658.958333,0.134086,0
mode-invested,31,高輸出,2,normal3,1,1.791667,11.958333,1692.875,771.875,0.028924,0
mode-invested,31,高輸出,2,normal6,1,3.833333,25.875,1692.875,771.875,0.171638,0
mode-invested,31,高輸出,2,elite,1,1,7,1692.875,771.875,0.035232,0
mode-invested,31,高輸出,2,boss,1,3.791667,19.416667,1692.875,771.875,0.197871,0
mode-invested,31,高防禦,0,normal3,1,4,23.708333,1397.875,371.291667,0.032796,0
mode-invested,31,高防禦,0,normal6,1,7.125,51.166667,1397.875,371.291667,0.072364,0
mode-invested,31,高防禦,0,elite,1,2.208333,13.583333,1397.875,371.291667,0.010622,0
mode-invested,31,高防禦,0,boss,1,9.5,42.333333,1397.875,371.291667,0.077236,0
mode-invested,31,高防禦,1,normal3,1,4.625,28.875,1627.083333,444.541667,0.038413,0
mode-invested,31,高防禦,1,normal6,1,8.375,64.375,1627.083333,444.541667,0.058126,0
mode-invested,31,高防禦,1,elite,1,2.916667,15.25,1627.083333,444.541667,0.014664,0
mode-invested,31,高防禦,1,boss,1,11.541667,49.75,1627.083333,444.541667,0.092653,0
mode-invested,31,高防禦,2,normal3,1,4.833333,30.458333,1944.541667,556.791667,0.037917,0
mode-invested,31,高防禦,2,normal6,1,9.041667,68.416667,1944.541667,556.791667,0.05612,0
mode-invested,31,高防禦,2,elite,1,2.958333,15.75,1944.541667,556.791667,0.016029,0
mode-invested,31,高防禦,2,boss,1,12.25,53,1944.541667,556.791667,0.092451,0
mode-invested,31,三戰士,0,normal3,1,2.166667,11.875,1332.875,475.833333,0.003314,0
mode-invested,31,三戰士,0,normal6,1,4.666667,28.833333,1332.875,475.833333,0.075516,0
mode-invested,31,三戰士,0,elite,1,1,7,1332.875,475.833333,0.024518,0
mode-invested,31,三戰士,0,boss,1,5.458333,25.625,1332.875,475.833333,0.191787,0
mode-invested,31,三戰士,1,normal3,1,3.083333,20.416667,1562.083333,546.25,0.073225,0
mode-invested,31,三戰士,1,normal6,1,5.5,43.041667,1562.083333,546.25,0.231251,0
mode-invested,31,三戰士,1,elite,1,1.208333,7.833333,1562.083333,546.25,0.028509,0
mode-invested,31,三戰士,1,boss,1,6.375,29.458333,1562.083333,546.25,0.237351,0
mode-invested,31,三戰士,2,normal3,1,3.125,20.958333,1875.041667,658.791667,0.072866,0
mode-invested,31,三戰士,2,normal6,1,5.833333,45.375,1875.041667,658.791667,0.23554,0
mode-invested,31,三戰士,2,elite,1,1.958333,11,1875.041667,658.791667,0.038961,0
mode-invested,31,三戰士,2,boss,1,7.125,32.041667,1875.041667,658.791667,0.25395,0
mode-invested,31,雙法師,0,normal3,1,1.625,10.625,1100.75,616.041667,0.010814,0
mode-invested,31,雙法師,0,normal6,1,3.166667,19.625,1100.75,616.041667,0.085336,0
mode-invested,31,雙法師,0,elite,1,1,5.5,1100.75,616.041667,0.028357,0
mode-invested,31,雙法師,0,boss,1,2,11.791667,1100.75,616.041667,0.047792,0
mode-invested,31,雙法師,1,normal3,1,1.625,10.625,1305.583333,694.458333,0.010484,0
mode-invested,31,雙法師,1,normal6,1,3.291667,20.25,1305.583333,694.458333,0.084946,0
mode-invested,31,雙法師,1,elite,1,1,7,1305.583333,694.458333,0.045768,0
mode-invested,31,雙法師,1,boss,1,2.208333,13.416667,1305.583333,694.458333,0.058067,0
mode-invested,31,雙法師,2,normal3,1,1.625,10.625,1588.875,808.375,0.009057,0
mode-invested,31,雙法師,2,normal6,1,3.416667,21.208333,1588.875,808.375,0.077424,0
mode-invested,31,雙法師,2,elite,1,1,7,1588.875,808.375,0.041858,0
mode-invested,31,雙法師,2,boss,1,2.666667,15.791667,1588.875,808.375,0.148937,0
mode-invested,45,安全,0,normal3,1,3.125,18.291667,1809.666667,646.666667,0.033963,0
mode-invested,45,安全,0,normal6,1,6.166667,42.125,1809.666667,646.666667,0.098843,0
mode-invested,45,安全,0,elite,1,2,11,1809.666667,646.666667,0.029108,0
mode-invested,45,安全,0,boss,1,7,31.166667,1809.666667,646.666667,0.095269,0
mode-invested,45,安全,1,normal3,1,3.666667,19.916667,2098.541667,749.958333,0.036132,0
mode-invested,45,安全,1,normal6,1,7.041667,48.541667,2098.541667,749.958333,0.108665,0
mode-invested,45,安全,1,elite,1,2,11,2098.541667,749.958333,0.031741,0
mode-invested,45,安全,1,boss,1,9.041667,39.666667,2098.541667,749.958333,0.107724,0
mode-invested,45,安全,2,normal3,1,4.208333,25.458333,2498.333333,899.708333,0.048315,0
mode-invested,45,安全,2,normal6,1,7.791667,57.5,2498.333333,899.708333,0.117312,0
mode-invested,45,安全,2,elite,1,2,12.833333,2498.333333,899.708333,0.031241,0
mode-invested,45,安全,2,boss,1,10.208333,44.458333,2498.333333,899.708333,0.106627,0
mode-invested,45,平衡,0,normal3,1,2,13.375,1809.166667,749.291667,0.041218,0
mode-invested,45,平衡,0,normal6,1,4.125,29.75,1809.166667,749.291667,0.105522,0
mode-invested,45,平衡,0,elite,1,1,7,1809.166667,749.291667,0.037029,0
mode-invested,45,平衡,0,boss,1,4.916667,24.375,1809.166667,749.291667,0.108004,0
mode-invested,45,平衡,1,normal3,1,2.208333,14.25,2097.75,853.541667,0.042968,0
mode-invested,45,平衡,1,normal6,1,4.75,33.208333,2097.75,853.541667,0.118518,0
mode-invested,45,平衡,1,elite,1,1.208333,8.041667,2097.75,853.541667,0.038711,0
mode-invested,45,平衡,1,boss,1,6.166667,29.5,2097.75,853.541667,0.11783,0
mode-invested,45,平衡,2,normal3,1,3,19.583333,2497.208333,1005.791667,0.057939,0
mode-invested,45,平衡,2,normal6,1,6,43.958333,2497.208333,1005.791667,0.1599,0
mode-invested,45,平衡,2,elite,1,1.208333,8.041667,2497.208333,1005.791667,0.037313,0
mode-invested,45,平衡,2,boss,1,7,32.333333,2497.208333,1005.791667,0.113242,0
mode-invested,45,高輸出,0,normal3,1,1.625,11.583333,1633.666667,804.666667,0.036503,0
mode-invested,45,高輸出,0,normal6,1,3.541667,23.5,1633.666667,804.666667,0.187307,0
mode-invested,45,高輸出,0,elite,1,1,5.5,1633.666667,804.666667,0.026603,0
mode-invested,45,高輸出,0,boss,1,2.958333,15.833333,1633.666667,804.666667,0.133431,0
mode-invested,45,高輸出,1,normal3,1,1.625,11.583333,1911.541667,905.458333,0.037488,0
mode-invested,45,高輸出,1,normal6,1,3.875,25.916667,1911.541667,905.458333,0.219586,0
mode-invested,45,高輸出,1,elite,1,1,7,1911.541667,905.458333,0.042859,0
mode-invested,45,高輸出,1,boss,1,4.041667,21,1911.541667,905.458333,0.267523,0
mode-invested,45,高輸出,2,normal3,1,2,13.041667,2290.833333,1054.708333,0.047088,0
mode-invested,45,高輸出,2,normal6,1,4.833333,32.875,2290.833333,1054.708333,0.294085,0
mode-invested,45,高輸出,2,elite,1,1,7,2290.833333,1054.708333,0.040959,0
mode-invested,45,高輸出,2,boss,1,4.958333,24.166667,2290.833333,1054.708333,0.301505,0
mode-invested,45,高防禦,0,normal3,1,4.333333,27.541667,1935.166667,493.291667,0.041378,0
mode-invested,45,高防禦,0,normal6,1,7.916667,61.625,1935.166667,493.291667,0.062943,0
mode-invested,45,高防禦,0,elite,1,2.875,15.041667,1935.166667,493.291667,0.012708,0
mode-invested,45,高防禦,0,boss,1,10.666667,46.875,1935.166667,493.291667,0.090535,0
mode-invested,45,高防禦,1,normal3,1,4.958333,30.75,2231.25,596.541667,0.044923,0
mode-invested,45,高防禦,1,normal6,1,9.708333,72.541667,2231.25,596.541667,0.06997,0
mode-invested,45,高防禦,1,elite,1,2.958333,15.791667,2231.25,596.541667,0.017451,0
mode-invested,45,高防禦,1,boss,1,12.625,54.833333,2231.25,596.541667,0.107328,0
mode-invested,45,高防禦,2,normal3,1,5.166667,32.083333,2642.708333,744.791667,0.04432,0
mode-invested,45,高防禦,2,normal6,1,10.166667,75,2642.708333,744.791667,0.070099,0
mode-invested,45,高防禦,2,elite,1,3.083333,16.208333,2642.708333,744.791667,0.019695,0
mode-invested,45,高防禦,2,boss,1,13.583333,58.333333,2642.708333,744.791667,0.11132,0
mode-invested,45,三戰士,0,normal3,1,2.25,15.375,1838.166667,647.291667,0.052694,0
mode-invested,45,三戰士,0,normal6,1,5,36.666667,1838.166667,647.291667,0.19818,0
mode-invested,45,三戰士,0,elite,1,1,7,1838.166667,647.291667,0.027747,0
mode-invested,45,三戰士,0,boss,1,6.041667,27.625,1838.166667,647.291667,0.234501,0
mode-invested,45,三戰士,1,normal3,1,3.166667,19.458333,2134.75,749.041667,0.082611,0
mode-invested,45,三戰士,1,normal6,1,5.916667,44.291667,2134.75,749.041667,0.266748,0
mode-invested,45,三戰士,1,elite,1,1.208333,7.833333,2134.75,749.041667,0.033025,0
mode-invested,45,三戰士,1,boss,1,7,31.916667,2134.75,749.041667,0.288485,0
mode-invested,45,三戰士,2,normal3,1,3.458333,22.208333,2543.708333,895.791667,0.091472,0
mode-invested,45,三戰士,2,normal6,1,6.375,49.625,2543.708333,895.791667,0.307149,0
mode-invested,45,三戰士,2,elite,1,1.208333,8,2543.708333,895.791667,0.033103,0
mode-invested,45,三戰士,2,boss,1,8.083333,36.166667,2543.708333,895.791667,0.331079,0
mode-invested,45,雙法師,0,normal3,1,1.625,10.625,1507.666667,850.666667,0.012644,0
mode-invested,45,雙法師,0,normal6,1,3.5,21.875,1507.666667,850.666667,0.123886,0
mode-invested,45,雙法師,0,elite,1,1,5.5,1507.666667,850.666667,0.031333,0
mode-invested,45,雙法師,0,boss,1,2.75,14.875,1507.666667,850.666667,0.094573,0
mode-invested,45,雙法師,1,normal3,1,1.625,10.625,1778.041667,952.458333,0.012522,0
mode-invested,45,雙法師,1,normal6,1,3.791667,23.583333,1778.041667,952.458333,0.133147,0
mode-invested,45,雙法師,1,elite,1,1,7,1778.041667,952.458333,0.051112,0
mode-invested,45,雙法師,1,boss,1,3.916667,20,1778.041667,952.458333,0.225308,0
mode-invested,45,雙法師,2,normal3,1,1.791667,11.416667,2145.333333,1105.708333,0.015907,0
mode-invested,45,雙法師,2,normal6,1,4.541667,28.583333,2145.333333,1105.708333,0.171231,0
mode-invested,45,雙法師,2,elite,1,1,7,2145.333333,1105.708333,0.04852,0
mode-invested,45,雙法師,2,boss,1,4.75,23.875,2145.333333,1105.708333,0.26692,0
mode-invested,60,安全,0,normal3,1,3.25,18.666667,2392.541667,851.375,0.019866,0
mode-invested,60,安全,0,normal6,1,6.875,46.375,2392.541667,851.375,0.086143,0
mode-invested,60,安全,0,elite,1,2,11,2392.541667,851.375,0.030329,0
mode-invested,60,安全,0,boss,1,8.125,35.75,2392.541667,851.375,0.100452,0
mode-invested,60,安全,1,normal3,1,4.458333,26.083333,2772.333333,989.708333,0.047986,0
mode-invested,60,安全,1,normal6,1,8.125,59.291667,2772.333333,989.708333,0.134142,0
mode-invested,60,安全,1,elite,1,2,12.833333,2772.333333,989.708333,0.032916,0
mode-invested,60,安全,1,boss,1,10.5,45.375,2772.333333,989.708333,0.126729,0
mode-invested,60,安全,2,normal3,1,4.833333,27.541667,3310,1188.583333,0.051005,0
mode-invested,60,安全,2,normal6,1,9.208333,66.291667,3310,1188.583333,0.129681,0
mode-invested,60,安全,2,elite,1,2,13,3310,1188.583333,0.032527,0
mode-invested,60,安全,2,boss,1,12.208333,52.083333,3310,1188.583333,0.13388,0
mode-invested,60,平衡,0,normal3,1,2.125,12.75,2391.916667,988.416667,0.022366,0
mode-invested,60,平衡,0,normal6,1,4.5,30.708333,2391.916667,988.416667,0.105473,0
mode-invested,60,平衡,0,elite,1,1.208333,8.041667,2391.916667,988.416667,0.038318,0
mode-invested,60,平衡,0,boss,1,5.833333,27.416667,2391.916667,988.416667,0.12208,0
mode-invested,60,平衡,1,normal3,1,3.041667,19.166667,2771.416667,1127.5,0.058468,0
mode-invested,60,平衡,1,normal6,1,6.041667,42.916667,2771.416667,1127.5,0.168006,0
mode-invested,60,平衡,1,elite,1,1.208333,8.041667,2771.416667,1127.5,0.039914,0
mode-invested,60,平衡,1,boss,1,7.125,31.833333,2771.416667,1127.5,0.135258,0
mode-invested,60,平衡,2,normal3,1,3.166667,20.625,3308.583333,1328,0.061541,0
mode-invested,60,平衡,2,normal6,1,6.333333,46.125,3308.583333,1328,0.180268,0
mode-invested,60,平衡,2,elite,1,1.958333,11.916667,3308.583333,1328,0.038399,0
mode-invested,60,平衡,2,boss,1,7.583333,35.375,3308.583333,1328,0.123634,0
mode-invested,60,高輸出,0,normal3,1,1.625,10.625,2159.541667,1061.375,0.015721,0
mode-invested,60,高輸出,0,normal6,1,3.75,23.208333,2159.541667,1061.375,0.164484,0
mode-invested,60,高輸出,0,elite,1,1,7,2159.541667,1061.375,0.042969,0
mode-invested,60,高輸出,0,boss,1,3.541667,18.791667,2159.541667,1061.375,0.192868,0
mode-invested,60,高輸出,1,normal3,1,2,13.041667,2525.333333,1198.208333,0.044607,0
mode-invested,60,高輸出,1,normal6,1,4.75,33.041667,2525.333333,1198.208333,0.330409,0
mode-invested,60,高輸出,1,elite,1,1,7,2525.333333,1198.208333,0.044289,0
mode-invested,60,高輸出,1,boss,1,5.041667,24.416667,2525.333333,1198.208333,0.284114,0
mode-invested,60,高輸出,2,normal3,1,2.291667,15.583333,3037,1395.083333,0.077159,0
mode-invested,60,高輸出,2,normal6,1,5.375,38.125,3037,1395.083333,0.381789,0
mode-invested,60,高輸出,2,elite,1,1,8.625,3037,1395.083333,0.04206,0
mode-invested,60,高輸出,2,boss,1,5.833333,27.25,3037,1395.083333,0.334026,0.041667
mode-invested,60,高防禦,0,normal3,1,5,29.083333,2556.416667,645.916667,0.041125,0
mode-invested,60,高防禦,0,normal6,1,9.541667,68.041667,2556.416667,645.916667,0.091254,0
mode-invested,60,高防禦,0,elite,1,2.916667,15.708333,2556.416667,645.916667,0.013869,0
mode-invested,60,高防禦,0,boss,1,12.625,54.708333,2556.416667,645.916667,0.101403,0
mode-invested,60,高防禦,1,normal3,1,5.75,33.5,2947.416667,781.5,0.043797,0
mode-invested,60,高防禦,1,normal6,1,11,80.125,2947.416667,781.5,0.091676,0
mode-invested,60,高防禦,1,elite,1,3.208333,17.208333,2947.416667,781.5,0.018596,0
mode-invested,60,高防禦,1,boss,1,15.166667,65.75,2947.416667,781.5,0.129826,0
mode-invested,60,高防禦,2,normal3,1,5.875,35.125,3500.583333,977.541667,0.050768,0
mode-invested,60,高防禦,2,normal6,1,11.666667,85.833333,3500.583333,977.541667,0.076741,0
mode-invested,60,高防禦,2,elite,1,3.208333,17.375,3500.583333,977.541667,0.020937,0
mode-invested,60,高防禦,2,boss,1,16.416667,71.333333,3500.583333,977.541667,0.152456,0
mode-invested,60,三戰士,0,normal3,1,3.166667,16.916667,2425.916667,852.916667,0.025412,0
mode-invested,60,三戰士,0,normal6,1,5.625,36.5,2425.916667,852.916667,0.136638,0
mode-invested,60,三戰士,0,elite,1,1.208333,8.25,2425.916667,852.916667,0.030834,0
mode-invested,60,三戰士,0,boss,1,6.583333,30.291667,2425.916667,852.916667,0.262444,0
mode-invested,60,三戰士,1,normal3,1,3.583333,21.208333,2818.416667,987,0.071208,0
mode-invested,60,三戰士,1,normal6,1,6.416667,47.125,2818.416667,987,0.26059,0
mode-invested,60,三戰士,1,elite,1,1.916667,11,2818.416667,987,0.046819,0
mode-invested,60,三戰士,1,boss,1,8.666667,38.25,2818.416667,987,0.376622,0.083333
mode-invested,60,三戰士,2,normal3,1,3.875,23.791667,3369.583333,1181.5,0.101279,0
mode-invested,60,三戰士,2,normal6,1,6.958333,54.125,3369.583333,1181.5,0.344451,0
mode-invested,60,三戰士,2,elite,1,2,11.291667,3369.583333,1181.5,0.04926,0
mode-invested,60,三戰士,2,boss,1,10.166667,44.083333,3369.583333,1181.5,0.427453,0.166667
mode-invested,60,雙法師,0,normal3,1,1.625,10.625,1995.041667,1121.875,0.013185,0
mode-invested,60,雙法師,0,normal6,1,3.666667,22.833333,1995.041667,1121.875,0.134273,0
mode-invested,60,雙法師,0,elite,1,1,7,1995.041667,1121.875,0.052255,0
mode-invested,60,雙法師,0,boss,1,3.416667,17.833333,1995.041667,1121.875,0.130732,0
mode-invested,60,雙法師,1,normal3,1,2,12.166667,2349.333333,1262.208333,0.023828,0
mode-invested,60,雙法師,1,normal6,1,4.541667,29.333333,2349.333333,1262.208333,0.212702,0
mode-invested,60,雙法師,1,elite,1,1,7,2349.333333,1262.208333,0.052571,0
mode-invested,60,雙法師,1,boss,1,5,24,2349.333333,1262.208333,0.220592,0
mode-invested,60,雙法師,2,normal3,1,2.125,13.625,2845,1463.083333,0.031017,0
mode-invested,60,雙法師,2,normal6,1,5.166667,35.208333,2845,1463.083333,0.255669,0
mode-invested,60,雙法師,2,elite,1,1,8.625,2845,1463.083333,0.049213,0
mode-invested,60,雙法師,2,boss,1,5.75,26.916667,2845,1463.083333,0.284953,0
T1+0,1,安全,0,normal3,1,1,6,133.958333,53.333333,0.016479,0
T1+0,1,安全,0,normal6,1,3,17.833333,133.958333,53.333333,0.066685,0
T1+0,1,安全,0,elite,1,1,3,133.958333,53.333333,0.024908,0
T1+0,1,安全,0,boss,1,3.958333,16.208333,133.958333,53.333333,0.144412,0
T1+0,1,安全,1,normal3,1,2,9.875,133.958333,53.333333,0.048741,0
T1+0,1,安全,1,normal6,1,4.875,28.458333,133.958333,53.333333,0.221763,0
T1+0,1,安全,1,elite,1,1,4,133.958333,53.333333,0.032374,0
T1+0,1,安全,1,boss,1,5,21.333333,133.958333,53.333333,0.259519,0
T1+0,1,安全,2,normal3,1,2.958333,15.5,133.958333,53.333333,0.120339,0
T1+0,1,安全,2,normal6,1,5.625,39,133.958333,53.333333,0.49678,0.083333
T1+0,1,安全,2,elite,1,1,5.916667,133.958333,53.333333,0.047306,0
T1+0,1,安全,2,boss,1,7.416667,29.791667,133.958333,53.333333,0.480085,0.208333
T1+0,1,平衡,0,normal3,1,1.208333,7.416667,133.916667,53,0.019318,0
T1+0,1,平衡,0,normal6,1,3,16.791667,133.916667,53,0.067776,0
T1+0,1,平衡,0,elite,1,1,3,133.916667,53,0.023658,0
T1+0,1,平衡,0,boss,1,3.083333,14.375,133.916667,53,0.11986,0
T1+0,1,平衡,1,normal3,1,2,10.666667,133.916667,53,0.050206,0
T1+0,1,平衡,1,normal6,1,4,25.666667,133.916667,53,0.190052,0
T1+0,1,平衡,1,elite,1,1,5,133.916667,53,0.031126,0
T1+0,1,平衡,1,boss,1,4.791667,19.791667,133.916667,53,0.213108,0
T1+0,1,平衡,2,normal3,1,2.791667,14.625,133.916667,53,0.110259,0
T1+0,1,平衡,2,normal6,1,5.125,35.458333,133.916667,53,0.445279,0.083333
T1+0,1,平衡,2,elite,1,1,6.916667,133.916667,53,0.046062,0
T1+0,1,平衡,2,boss,1,6,25.291667,133.916667,53,0.404504,0.166667
T1+0,1,高輸出,0,normal3,1,1.625,7.625,128.958333,53.333333,0.012258,0
T1+0,1,高輸出,0,normal6,1,3.458333,18.416667,128.958333,53.333333,0.115649,0
T1+0,1,高輸出,0,elite,1,1,5,128.958333,53.333333,0.026183,0
T1+0,1,高輸出,0,boss,1,3.25,14.375,128.958333,53.333333,0.143487,0
T1+0,1,高輸出,1,normal3,1,2,10.708333,128.958333,53.333333,0.063009,0
T1+0,1,高輸出,1,normal6,1,4.083333,24.875,128.958333,53.333333,0.285062,0
T1+0,1,高輸出,1,elite,1,1,5,128.958333,53.333333,0.033939,0
T1+0,1,高輸出,1,boss,1,4.833333,20.208333,128.958333,53.333333,0.287579,0
T1+0,1,高輸出,2,normal3,1,2.833333,13.958333,128.958333,53.333333,0.127027,0
T1+0,1,高輸出,2,normal6,1,5.208333,34,128.958333,53.333333,0.556594,0.166667
T1+0,1,高輸出,2,elite,1,1,6.083333,128.958333,53.333333,0.049449,0
T1+0,1,高輸出,2,boss,1,5.791667,25,128.958333,53.333333,0.472007,0.125
T1+0,1,高防禦,0,normal3,1,1.916667,9.208333,144.416667,51,0.024552,0
T1+0,1,高防禦,0,normal6,1,3.875,22.208333,144.416667,51,0.064238,0
T1+0,1,高防禦,0,elite,1,1,4,144.416667,51,0.018198,0
T1+0,1,高防禦,0,boss,1,4,17.25,144.416667,51,0.136323,0
T1+0,1,高防禦,1,normal3,1,2.166667,13.458333,144.416667,51,0.066941,0
T1+0,1,高防禦,1,normal6,1,4.375,32.791667,144.416667,51,0.223537,0
T1+0,1,高防禦,1,elite,1,1,5.916667,144.416667,51,0.025123,0
T1+0,1,高防禦,1,boss,1,5.583333,23.125,144.416667,51,0.250681,0
T1+0,1,高防禦,2,normal3,1,3,17.125,144.416667,51,0.117559,0
T1+0,1,高防禦,2,normal6,1,5.875,41.5,144.416667,51,0.43305,0.041667
T1+0,1,高防禦,2,elite,1,1.875,7.75,144.416667,51,0.057513,0
T1+0,1,高防禦,2,boss,1,7.583333,31.041667,144.416667,51,0.418552,0.041667
T1+0,1,三戰士,0,normal3,1,1.5,6.25,146.916667,51,0.00454,0
T1+0,1,三戰士,0,normal6,1,3.458333,17.958333,146.916667,51,0.059908,0
T1+0,1,三戰士,0,elite,1,1,5,146.916667,51,0.01733,0
T1+0,1,三戰士,0,boss,1,3.791667,15.833333,146.916667,51,0.160594,0
T1+0,1,三戰士,1,normal3,1,2,13.041667,146.916667,51,0.085476,0
T1+0,1,三戰士,1,normal6,1,4,31.041667,146.916667,51,0.280153,0
T1+0,1,三戰士,1,elite,1,1,5.958333,146.916667,51,0.024138,0
T1+0,1,三戰士,1,boss,1,5,21.333333,146.916667,51,0.275268,0
T1+0,1,三戰士,2,normal3,1,2.958333,15.583333,146.916667,51,0.145636,0
T1+0,1,三戰士,2,normal6,1,5.125,37.916667,146.916667,51,0.483497,0
T1+0,1,三戰士,2,elite,1,1.208333,6.416667,146.916667,51,0.043931,0
T1+0,1,三戰士,2,boss,1,6.791667,27.791667,146.916667,51,0.459075,0.083333
T1+0,1,雙法師,0,normal3,1,1.625,7.625,118.458333,55.333333,0.015802,0
T1+0,1,雙法師,0,normal6,1,3.5,18.75,118.458333,55.333333,0.149765,0
T1+0,1,雙法師,0,elite,1,1,5,118.458333,55.333333,0.03377,0
T1+0,1,雙法師,0,boss,1,3.041667,13.041667,118.458333,55.333333,0.132205,0
T1+0,1,雙法師,1,normal3,1,2,9,118.458333,55.333333,0.03377,0
T1+0,1,雙法師,1,normal6,1,4.125,22.708333,118.458333,55.333333,0.263094,0
T1+0,1,雙法師,1,elite,1,1,5,118.458333,55.333333,0.042212,0
T1+0,1,雙法師,1,boss,1,4.5,19.083333,118.458333,55.333333,0.284786,0
T1+0,1,雙法師,2,normal3,1,2.125,10.583333,118.458333,55.333333,0.065062,0
T1+0,1,雙法師,2,normal6,1,4.916667,28.083333,118.458333,55.333333,0.467641,0
T1+0,1,雙法師,2,elite,1,1,6.083333,118.458333,55.333333,0.059097,0
T1+0,1,雙法師,2,boss,1,5.208333,23.083333,118.458333,55.333333,0.485813,0.125
T1+0,10,安全,0,normal3,1,3,17.25,406.916667,146.458333,0.022067,0
T1+0,10,安全,0,normal6,1,5.833333,38.791667,406.916667,146.458333,0.100028,0
T1+0,10,安全,0,elite,1,2,11.666667,406.916667,146.458333,0.035659,0
T1+0,10,安全,0,boss,1,7.166667,31.833333,406.916667,146.458333,0.133858,0
T1+0,10,安全,1,normal3,1,4.166667,24.416667,406.916667,146.458333,0.069382,0
T1+0,10,安全,1,normal6,1,8.041667,56.041667,406.916667,146.458333,0.222209,0.125
T1+0,10,安全,1,elite,1,2.541667,14,406.916667,146.458333,0.047947,0
T1+0,10,安全,1,boss,1,10.125,43.541667,406.916667,146.458333,0.230103,0.083333
T1+0,10,安全,2,normal3,1,5.083333,29.583333,406.916667,146.458333,0.112009,0
T1+0,10,安全,2,normal6,0.958333,12.083333,80.666667,406.916667,146.458333,0.445458,0.458333
T1+0,10,安全,2,elite,1,3,15.75,406.916667,146.458333,0.060235,0
T1+0,10,安全,2,boss,0.916667,14.458333,59.25,406.916667,146.458333,0.515235,0.416667
T1+0,10,平衡,0,normal3,1,2,13.916667,406.833333,165,0.038106,0
T1+0,10,平衡,0,normal6,1,4.25,29.041667,406.833333,165,0.116871,0
T1+0,10,平衡,0,elite,1,1.208333,8.041667,406.833333,165,0.041371,0
T1+0,10,平衡,0,boss,1,5,23.541667,406.833333,165,0.127029,0
T1+0,10,平衡,1,normal3,1,3,18.791667,406.833333,165,0.080213,0
T1+0,10,平衡,1,normal6,1,5.333333,40.791667,406.833333,165,0.291033,0
T1+0,10,平衡,1,elite,1,1.958333,11.958333,406.833333,165,0.053662,0
T1+0,10,平衡,1,boss,1,6.958333,32.416667,406.833333,165,0.214957,0.041667
T1+0,10,平衡,2,normal3,1,3.791667,23.958333,406.833333,165,0.135392,0
T1+0,10,平衡,2,normal6,1,7.875,55.75,406.833333,165,0.547003,0.333333
T1+0,10,平衡,2,elite,1,2,13.125,406.833333,165,0.065952,0
T1+0,10,平衡,2,boss,1,9.708333,42.166667,406.833333,165,0.393202,0.25
T1+0,10,高輸出,0,normal3,1,1.791667,10.083333,371.916667,173.958333,0.027193,0
T1+0,10,高輸出,0,normal6,1,3.375,21.25,371.916667,173.958333,0.178848,0
T1+0,10,高輸出,0,elite,1,1,7,371.916667,173.958333,0.045595,0
T1+0,10,高輸出,0,boss,1,3.541667,17.083333,371.916667,173.958333,0.18307,0
T1+0,10,高輸出,1,normal3,1,2.166667,13.583333,371.916667,173.958333,0.091535,0
T1+0,10,高輸出,1,normal6,1,4.458333,29.666667,371.916667,173.958333,0.416565,0
T1+0,10,高輸出,1,elite,1,1,8.083333,371.916667,173.958333,0.059039,0
T1+0,10,高輸出,1,boss,1,4.833333,22.041667,371.916667,173.958333,0.335292,0
T1+0,10,高輸出,2,normal3,1,2.916667,16.875,371.916667,173.958333,0.176468,0
T1+0,10,高輸出,2,normal6,0.875,6.125,41.25,371.916667,173.958333,0.823885,0.916667
T1+0,10,高輸出,2,elite,1,1.458333,9.458333,371.916667,173.958333,0.072484,0
T1+0,10,高輸出,2,boss,0.958333,6.625,28.416667,371.916667,173.958333,0.638305,0.75
T1+0,10,高防禦,0,normal3,1,4,24.208333,435.833333,116.5,0.047481,0
T1+0,10,高防禦,0,normal6,1,7.125,51.083333,435.833333,116.5,0.099412,0
T1+0,10,高防禦,0,elite,1,2.833333,14.833333,435.833333,116.5,0.020358,0
T1+0,10,高防禦,0,boss,1,9.5,41.666667,435.833333,116.5,0.13101,0
T1+0,10,高防禦,1,normal3,1,5.041667,30.75,435.833333,116.5,0.076171,0
T1+0,10,高防禦,1,normal6,1,10.208333,73.458333,435.833333,116.5,0.170859,0.041667
T1+0,10,高防禦,1,elite,1,3,16.666667,435.833333,116.5,0.033077,0
T1+0,10,高防禦,1,boss,1,13.416667,57.833333,435.833333,116.5,0.256752,0
T1+0,10,高防禦,2,normal3,1,6.75,39.333333,435.833333,116.5,0.139799,0
T1+0,10,高防禦,2,normal6,0.875,13.791667,96.333333,435.833333,116.5,0.493689,0.458333
T1+0,10,高防禦,2,elite,1,4,19.708333,435.833333,116.5,0.045854,0
T1+0,10,高防禦,2,boss,0.916667,19.333333,81.583333,435.833333,116.5,0.647228,0.791667
T1+0,10,三戰士,0,normal3,1,3,15.666667,419.833333,143,0.040611,0
T1+0,10,三戰士,0,normal6,1,4.958333,32.833333,419.833333,143,0.172007,0
T1+0,10,三戰士,0,elite,1,1.958333,9.916667,419.833333,143,0.049301,0
T1+0,10,三戰士,0,boss,1,5.791667,26,419.833333,143,0.261755,0
T1+0,10,三戰士,1,normal3,1,3.666667,20.958333,419.833333,143,0.132067,0
T1+0,10,三戰士,1,normal6,1,6.541667,45.666667,419.833333,143,0.400712,0.083333
T1+0,10,三戰士,1,elite,1,2,11,419.833333,143,0.07401,0
T1+0,10,三戰士,1,boss,1,8.333333,35.833333,419.833333,143,0.465172,0.166667
T1+0,10,三戰士,2,normal3,1,4.666667,27.708333,419.833333,143,0.278294,0
T1+0,10,三戰士,2,normal6,0.75,11.583333,70.208333,419.833333,143,0.887138,1.583333
T1+0,10,三戰士,2,elite,1,2.875,13.791667,419.833333,143,0.097929,0
T1+0,10,三戰士,2,boss,0.541667,12.541667,47.166667,419.833333,143,0.870579,1.833333
T1+0,10,雙法師,0,normal3,1,1.625,10.541667,342.916667,184.458333,0.014078,0
T1+0,10,雙法師,0,normal6,1,3.291667,20.625,342.916667,184.458333,0.12651,0
T1+0,10,雙法師,0,elite,1,1,7,342.916667,184.458333,0.056135,0
T1+0,10,雙法師,0,boss,1,3.333333,17.458333,342.916667,184.458333,0.130467,0
T1+0,10,雙法師,1,normal3,1,2.166667,13.625,342.916667,184.458333,0.055414,0
T1+0,10,雙法師,1,normal6,1,4.583333,30.375,342.916667,184.458333,0.343469,0
T1+0,10,雙法師,1,elite,1,1,8.625,342.916667,184.458333,0.070716,0
T1+0,10,雙法師,1,boss,1,4.833333,23.041667,342.916667,184.458333,0.278338,0
T1+0,10,雙法師,2,normal3,1,2.75,16.791667,342.916667,184.458333,0.120368,0
T1+0,10,雙法師,2,normal6,1,5.666667,38.833333,342.916667,184.458333,0.60743,0.208333
T1+0,10,雙法師,2,elite,1,1,10,342.916667,184.458333,0.085298,0
T1+0,10,雙法師,2,boss,1,6,28.125,342.916667,184.458333,0.475764,0.166667
T1+0,15,安全,0,normal3,1,2.833333,14.833333,631.916667,227.958333,0.032558,0
T1+0,15,安全,0,normal6,1,5.208333,34.666667,631.916667,227.958333,0.095829,0
T1+0,15,安全,0,elite,1,1,4,631.916667,227.958333,0.028969,0
T1+0,15,安全,0,boss,1,5.625,25.333333,631.916667,227.958333,0.103452,0
T1+0,15,安全,1,normal3,1,3.25,18.583333,631.916667,227.958333,0.046927,0
T1+0,15,安全,1,normal6,1,6.833333,45.375,631.916667,227.958333,0.157753,0
T1+0,15,安全,1,elite,1,2,11,631.916667,227.958333,0.040047,0
T1+0,15,安全,1,boss,1,7.333333,33.166667,631.916667,227.958333,0.158439,0
T1+0,15,安全,2,normal3,1,4.208333,23.666667,631.916667,227.958333,0.08389,0
T1+0,15,安全,2,normal6,1,8.416667,58,631.916667,227.958333,0.255582,0.125
T1+0,15,安全,2,elite,1,2,12.833333,631.916667,227.958333,0.051125,0
T1+0,15,安全,2,boss,0.958333,10.833333,45.791667,631.916667,227.958333,0.321787,0.166667
T1+0,15,平衡,0,normal3,1,2,12.541667,631.75,261.208333,0.042229,0
T1+0,15,平衡,0,normal6,1,3.083333,24.541667,631.75,261.208333,0.102137,0
T1+0,15,平衡,0,elite,1,1,4,631.75,261.208333,0.036005,0
T1+0,15,平衡,0,boss,1,3.458333,18.166667,631.75,261.208333,0.081079,0
T1+0,15,平衡,1,normal3,1,2.083333,14.125,631.75,261.208333,0.057732,0
T1+0,15,平衡,1,normal6,1,4.291667,31.25,631.75,261.208333,0.169096,0
T1+0,15,平衡,1,elite,1,1,7,631.75,261.208333,0.047086,0
T1+0,15,平衡,1,boss,1,5.333333,26.375,631.75,261.208333,0.152487,0
T1+0,15,平衡,2,normal3,1,3,19.583333,631.75,261.208333,0.108607,0
T1+0,15,平衡,2,normal6,1,6,43.75,631.75,261.208333,0.336555,0.125
T1+0,15,平衡,2,elite,1,1.208333,8.041667,631.75,261.208333,0.058167,0
T1+0,15,平衡,2,boss,1,6.875,31.916667,631.75,261.208333,0.21738,0
T1+0,15,高輸出,0,normal3,1,1,10,575.916667,278.958333,0.023579,0
T1+0,15,高輸出,0,normal6,1,2.791667,17.791667,575.916667,278.958333,0.112156,0
T1+0,15,高輸出,0,elite,1,1,5.5,575.916667,278.958333,0.026028,0
T1+0,15,高輸出,0,boss,1,2,12.125,575.916667,278.958333,0.068107,0
T1+0,15,高輸出,1,normal3,1,1.625,11.583333,575.916667,278.958333,0.049966,0
T1+0,15,高輸出,1,normal6,1,3.625,24.375,575.916667,278.958333,0.274484,0
T1+0,15,高輸出,1,elite,1,1,5.5,575.916667,278.958333,0.033617,0
T1+0,15,高輸出,1,boss,1,3.166667,17.541667,575.916667,278.958333,0.25398,0
T1+0,15,高輸出,2,normal3,1,1.958333,12.541667,575.916667,278.958333,0.074359,0
T1+0,15,高輸出,2,normal6,1,4.75,31.75,575.916667,278.958333,0.507762,0.208333
T1+0,15,高輸出,2,elite,1,1,7,575.916667,278.958333,0.064685,0
T1+0,15,高輸出,2,boss,1,4.916667,23.791667,575.916667,278.958333,0.454074,0.208333
T1+0,15,高防禦,0,normal3,1,3.625,23.916667,677.75,177.208333,0.039681,0
T1+0,15,高防禦,0,normal6,1,6.416667,49.291667,677.75,177.208333,0.067281,0
T1+0,15,高防禦,0,elite,1,2.166667,13.166667,677.75,177.208333,0.013576,0
T1+0,15,高防禦,0,boss,1,7.291667,33.875,677.75,177.208333,0.112434,0
T1+0,15,高防禦,1,normal3,1,4.291667,27.541667,677.75,177.208333,0.064286,0
T1+0,15,高防禦,1,normal6,1,8.041667,62.458333,677.75,177.208333,0.10352,0
T1+0,15,高防禦,1,elite,1,2.875,15.041667,677.75,177.208333,0.023909,0
T1+0,15,高防禦,1,boss,1,11.125,48.125,677.75,177.208333,0.198223,0.041667
T1+0,15,高防禦,2,normal3,1,5.416667,33.541667,677.75,177.208333,0.096522,0
T1+0,15,高防禦,2,normal6,1,10.666667,79.583333,677.75,177.208333,0.245325,0.041667
T1+0,15,高防禦,2,elite,1,3.208333,17.083333,677.75,177.208333,0.035345,0
T1+0,15,高防禦,2,boss,0.958333,15.333333,65.208333,677.75,177.208333,0.418169,0.166667
T1+0,15,三戰士,0,normal3,1,2.208333,15.041667,650.75,227.208333,0.055655,0
T1+0,15,三戰士,0,normal6,1,4.125,32.291667,650.75,227.208333,0.188633,0
T1+0,15,三戰士,0,elite,1,1,7,650.75,227.208333,0.02667,0
T1+0,15,三戰士,0,boss,1,4.833333,22.791667,650.75,227.208333,0.186918,0
T1+0,15,三戰士,1,normal3,1,2.25,15.416667,650.75,227.208333,0.090605,0
T1+0,15,三戰士,1,normal6,1,5.208333,37.916667,650.75,227.208333,0.313075,0
T1+0,15,三戰士,1,elite,1,1.208333,7.833333,650.75,227.208333,0.041087,0
T1+0,15,三戰士,1,boss,1,6.166667,28.5,650.75,227.208333,0.321215,0
T1+0,15,三戰士,2,normal3,1,3.458333,22.208333,650.75,227.208333,0.182767,0
T1+0,15,三戰士,2,normal6,1,7.541667,52.916667,650.75,227.208333,0.596148,0.541667
T1+0,15,三戰士,2,elite,1,1.208333,8,650.75,227.208333,0.054091,0
T1+0,15,三戰士,2,boss,1,8.75,37.708333,650.75,227.208333,0.554308,0.375
T1+0,15,雙法師,0,normal3,1,1,9,529.916667,294.958333,0,0
T1+0,15,雙法師,0,normal6,1,2.541667,16.416667,529.916667,294.958333,0.066833,0
T1+0,15,雙法師,0,elite,1,1,5.5,529.916667,294.958333,0.03072,0
T1+0,15,雙法師,0,boss,1,2,12.083333,529.916667,294.958333,0.052826,0
T1+0,15,雙法師,1,normal3,1,1.625,10.625,529.916667,294.958333,0.017207,0
T1+0,15,雙法師,1,normal6,1,3.541667,22.125,529.916667,294.958333,0.172371,0
T1+0,15,雙法師,1,elite,1,1,5.5,529.916667,294.958333,0.038969,0
T1+0,15,雙法師,1,boss,1,2.916667,16.458333,529.916667,294.958333,0.226881,0
T1+0,15,雙法師,2,normal3,1,1.75,11,529.916667,294.958333,0.027279,0
T1+0,15,雙法師,2,normal6,1,4.333333,26.958333,529.916667,294.958333,0.3112,0
T1+0,15,雙法師,2,elite,1,1,7,529.916667,294.958333,0.076821,0
T1+0,15,雙法師,2,boss,1,4.541667,22.916667,529.916667,294.958333,0.400202,0
T1+0,30,安全,0,normal3,1,3,16.875,1199.791667,430.5,0.016734,0
T1+0,30,安全,0,normal6,1,5.666667,38.541667,1199.791667,430.5,0.072765,0
T1+0,30,安全,0,elite,1,1,4,1199.791667,430.5,0.028953,0
T1+0,30,安全,0,boss,1,6.541667,28.333333,1199.791667,430.5,0.095378,0
T1+0,30,安全,0,finalGate,1,9.875,43.125,1199.791667,430.5,0.098699,0
T1+0,30,安全,1,normal3,1,3.625,18.958333,1199.791667,430.5,0.036568,0
T1+0,30,安全,1,normal6,1,7.041667,46.875,1199.791667,430.5,0.126,0
T1+0,30,安全,1,elite,1,2,11,1199.791667,430.5,0.039789,0
T1+0,30,安全,1,boss,1,8.75,38.125,1199.791667,430.5,0.135309,0
T1+0,30,安全,1,finalGate,1,14.125,60.166667,1199.791667,430.5,0.22409,0
T1+0,30,安全,2,normal3,1,4.833333,28.333333,1199.791667,430.5,0.089872,0
T1+0,30,安全,2,normal6,1,10.25,70.291667,1199.791667,430.5,0.258002,0.166667
T1+0,30,安全,2,elite,1,2,12.916667,1199.791667,430.5,0.050625,0
T1+0,30,安全,2,boss,1,12.416667,52.625,1199.791667,430.5,0.244502,0.041667
T1+0,30,安全,2,finalGate,0.958333,22.833333,93.833333,1199.791667,430.5,0.515616,0.5
T1+0,30,平衡,0,normal3,1,2,11.75,1199.5,498.083333,0.020576,0
T1+0,30,平衡,0,normal6,1,3.791667,24.75,1199.5,498.083333,0.081985,0
T1+0,30,平衡,0,elite,1,1,4,1199.5,498.083333,0.036607,0
T1+0,30,平衡,0,boss,1,4.041667,20.916667,1199.5,498.083333,0.093621,0
T1+0,30,平衡,0,finalGate,1,6.458333,30.583333,1199.5,498.083333,0.115631,0
T1+0,30,平衡,1,normal3,1,2.208333,13.333333,1199.5,498.083333,0.041784,0
T1+0,30,平衡,1,normal6,1,4.625,32.208333,1199.5,498.083333,0.15416,0
T1+0,30,平衡,1,elite,1,1.208333,8.041667,1199.5,498.083333,0.047446,0
T1+0,30,平衡,1,boss,1,6.125,28.583333,1199.5,498.083333,0.154502,0
T1+0,30,平衡,1,finalGate,1,9.333333,41.833333,1199.5,498.083333,0.181699,0.041667
T1+0,30,平衡,2,normal3,1,3.166667,20.541667,1199.5,498.083333,0.108865,0
T1+0,30,平衡,2,normal6,1,6.458333,46.833333,1199.5,498.083333,0.367208,0.125
T1+0,30,平衡,2,elite,1,1.208333,8.041667,1199.5,498.083333,0.058284,0
T1+0,30,平衡,2,boss,1,7.458333,34.666667,1199.5,498.083333,0.190593,0
T1+0,30,平衡,2,finalGate,0.958333,14.791667,60.666667,1199.5,498.083333,0.486163,0.541667
T1+0,30,高輸出,0,normal3,1,1.416667,10,1083.791667,535,0.009958,0
T1+0,30,高輸出,0,normal6,1,3.166667,20.25,1083.791667,535,0.125224,0
T1+0,30,高輸出,0,elite,1,1,5.5,1083.791667,535,0.026466,0
T1+0,30,高輸出,0,boss,1,2.125,13.75,1083.791667,535,0.111765,0
T1+0,30,高輸出,0,finalGate,1,4.333333,22.25,1083.791667,535,0.25659,0
T1+0,30,高輸出,1,normal3,1,1.625,11.041667,1083.791667,535,0.035027,0
T1+0,30,高輸出,1,normal6,1,3.791667,24.5,1083.791667,535,0.236767,0
T1+0,30,高輸出,1,elite,1,1,7,1083.791667,535,0.053133,0
T1+0,30,高輸出,1,boss,1,3.916667,20.041667,1083.791667,535,0.254598,0
T1+0,30,高輸出,1,finalGate,1,6.083333,29.458333,1083.791667,535,0.466758,0.041667
T1+0,30,高輸出,2,normal3,1,2.083333,14.208333,1083.791667,535,0.103996,0
T1+0,30,高輸出,2,normal6,0.958333,5.416667,37.166667,1083.791667,535,0.632499,0.416667
T1+0,30,高輸出,2,elite,1,1,8.25,1083.791667,535,0.065128,0
T1+0,30,高輸出,2,boss,1,5.708333,26.541667,1083.791667,535,0.491767,0.416667
T1+0,30,高輸出,2,finalGate,0.708333,8.708333,36.625,1083.791667,535,0.782088,1.166667
T1+0,30,高防禦,0,normal3,1,3.916667,23.541667,1282,327.583333,0.035925,0
T1+0,30,高防禦,0,normal6,1,6.875,48.916667,1282,327.583333,0.083444,0
T1+0,30,高防禦,0,elite,1,2.208333,13.583333,1282,327.583333,0.012626,0
T1+0,30,高防禦,0,boss,1,9.125,40.791667,1282,327.583333,0.087784,0
T1+0,30,高防禦,0,finalGate,1,15.083333,65.291667,1282,327.583333,0.100305,0
T1+0,30,高防禦,1,normal3,1,5.166667,30.708333,1282,327.583333,0.053141,0
T1+0,30,高防禦,1,normal6,1,9.916667,71.75,1282,327.583333,0.110818,0
T1+0,30,高防禦,1,elite,1,3.083333,16.208333,1282,327.583333,0.022774,0
T1+0,30,高防禦,1,boss,1,13.25,57.333333,1282,327.583333,0.153876,0
T1+0,30,高防禦,1,finalGate,1,22,96.708333,1282,327.583333,0.217097,0
T1+0,30,高防禦,2,normal3,1,6.416667,37.958333,1282,327.583333,0.089839,0
T1+0,30,高防禦,2,normal6,1,12.75,94.791667,1282,327.583333,0.197826,0
T1+0,30,高防禦,2,elite,1,3.75,19.041667,1282,327.583333,0.033924,0
T1+0,30,高防禦,2,boss,1,18.333333,82.083333,1282,327.583333,0.352141,0.041667
T1+0,30,高防禦,2,finalGate,0.958333,29.833333,127.333333,1282,327.583333,0.405488,0.208333
T1+0,30,三戰士,0,normal3,1,2.208333,12.125,1217.5,428.083333,0.00598,0
T1+0,30,三戰士,0,normal6,1,4.541667,28.458333,1217.5,428.083333,0.078401,0
T1+0,30,三戰士,0,elite,1,1,7.583333,1217.5,428.083333,0.027317,0
T1+0,30,三戰士,0,boss,1,5.458333,25.541667,1217.5,428.083333,0.203919,0
T1+0,30,三戰士,0,finalGate,1,7.666667,34.5,1217.5,428.083333,0.253015,0
T1+0,30,三戰士,1,normal3,1,3.208333,18.25,1217.5,428.083333,0.071062,0
T1+0,30,三戰士,1,normal6,1,5.958333,41.458333,1217.5,428.083333,0.273832,0
T1+0,30,三戰士,1,elite,1,1.208333,8.25,1217.5,428.083333,0.041466,0
T1+0,30,三戰士,1,boss,1,7.041667,31.916667,1217.5,428.083333,0.354614,0.083333
T1+0,30,三戰士,1,finalGate,0.916667,13.166667,53.583333,1217.5,428.083333,0.607202,0.5
T1+0,30,三戰士,2,normal3,1,3.875,23.791667,1217.5,428.083333,0.180157,0
T1+0,30,三戰士,2,normal6,1,9.625,61.708333,1217.5,428.083333,0.619749,0.708333
T1+0,30,三戰士,2,elite,1,1.958333,11.208333,1217.5,428.083333,0.078305,0
T1+0,30,三戰士,2,boss,0.958333,10.833333,44.708333,1217.5,428.083333,0.697157,0.583333
T1+0,30,三戰士,2,finalGate,0,17.875,63.833333,1217.5,428.083333,1,3
T1+0,30,雙法師,0,normal3,1,1.416667,10,1001.291667,567.5,0.008492,0
T1+0,30,雙法師,0,normal6,1,3.041667,19,1001.291667,567.5,0.092323,0
T1+0,30,雙法師,0,elite,1,1,5.5,1001.291667,567.5,0.031177,0
T1+0,30,雙法師,0,boss,1,2,12.833333,1001.291667,567.5,0.053206,0
T1+0,30,雙法師,0,finalGate,1,3.958333,21.125,1001.291667,567.5,0.212299,0
T1+0,30,雙法師,1,normal3,1,1.625,10.625,1001.291667,567.5,0.016878,0
T1+0,30,雙法師,1,normal6,1,3.791667,23.416667,1001.291667,567.5,0.180232,0
T1+0,30,雙法師,1,elite,1,1,7,1001.291667,567.5,0.063544,0
T1+0,30,雙法師,1,boss,1,3.75,19.083333,1001.291667,567.5,0.182175,0
T1+0,30,雙法師,1,finalGate,1,6.125,29.333333,1001.291667,567.5,0.426617,0.041667
T1+0,30,雙法師,2,normal3,1,2,12.333333,1001.291667,567.5,0.042814,0
T1+0,30,雙法師,2,normal6,1,4.875,31.083333,1001.291667,567.5,0.38672,0
T1+0,30,雙法師,2,elite,1,1,8.25,1001.291667,567.5,0.076527,0
T1+0,30,雙法師,2,boss,1,5.541667,25.791667,1001.291667,567.5,0.410115,0.041667
T1+0,30,雙法師,2,finalGate,0.958333,7.708333,35,1001.291667,567.5,0.633849,0.583333
T1+0,31,安全,0,normal3,1,3,15,1278.75,460.875,0.014165,0
T1+0,31,安全,0,normal6,1,5.583333,36.333333,1278.75,460.875,0.065194,0
T1+0,31,安全,0,elite,1,1,4,1278.75,460.875,0.026972,0
T1+0,31,安全,0,boss,1,5.958333,26.375,1278.75,460.875,0.087033,0
T1+0,31,安全,1,normal3,1,3.625,19.708333,1278.75,460.875,0.042781,0
T1+0,31,安全,1,normal6,1,6.958333,48.166667,1278.75,460.875,0.132796,0
T1+0,31,安全,1,elite,1,2,11,1278.75,460.875,0.037596,0
T1+0,31,安全,1,boss,1,7.708333,34.166667,1278.75,460.875,0.122711,0
T1+0,31,安全,2,normal3,1,4.208333,22.208333,1278.75,460.875,0.056221,0
T1+0,31,安全,2,normal6,1,8.458333,58.25,1278.75,460.875,0.204501,0
T1+0,31,安全,2,elite,1,2,11,1278.75,460.875,0.047763,0
T1+0,31,安全,2,boss,1,11.041667,47.666667,1278.75,460.875,0.198686,0
T1+0,31,平衡,0,normal3,1,2,11.75,1278.416667,530.791667,0.019143,0
T1+0,31,平衡,0,normal6,1,3.916667,24.875,1278.416667,530.791667,0.076062,0
T1+0,31,平衡,0,elite,1,1,4,1278.416667,530.791667,0.034347,0
T1+0,31,平衡,0,boss,1,3.708333,19.291667,1278.416667,530.791667,0.080126,0
T1+0,31,平衡,1,normal3,1,2.125,14.583333,1278.416667,530.791667,0.051938,0
T1+0,31,平衡,1,normal6,1,4.708333,32,1278.416667,530.791667,0.152481,0
T1+0,31,平衡,1,elite,1,1,7,1278.416667,530.791667,0.045299,0
T1+0,31,平衡,1,boss,1,5.708333,26.625,1278.416667,530.791667,0.142893,0
T1+0,31,平衡,2,normal3,1,2.708333,16.416667,1278.416667,530.791667,0.069088,0
T1+0,31,平衡,2,normal6,1,5.916667,40.875,1278.416667,530.791667,0.287679,0
T1+0,31,平衡,2,elite,1,1.208333,8.041667,1278.416667,530.791667,0.055468,0
T1+0,31,平衡,2,boss,1,7.166667,33.083333,1278.416667,530.791667,0.17636,0
T1+0,31,高輸出,0,normal3,1,1.625,10.625,1158.75,567.375,0.014004,0
T1+0,31,高輸出,0,normal6,1,3.291667,20.833333,1158.75,567.375,0.122664,0
T1+0,31,高輸出,0,elite,1,1,5.5,1158.75,567.375,0.024752,0
T1+0,31,高輸出,0,boss,1,2.041667,13.541667,1158.75,567.375,0.102918,0
T1+0,31,高輸出,1,normal3,1,1.958333,12.791667,1158.75,567.375,0.056012,0
T1+0,31,高輸出,1,normal6,1,3.958333,27.208333,1158.75,567.375,0.298037,0
T1+0,31,高輸出,1,elite,1,1,7,1158.75,567.375,0.050559,0
T1+0,31,高輸出,1,boss,1,3.75,19.166667,1158.75,567.375,0.223717,0
T1+0,31,高輸出,2,normal3,1,2.041667,13.833333,1158.75,567.375,0.088784,0
T1+0,31,高輸出,2,normal6,1,4.916667,32.958333,1158.75,567.375,0.489806,0.041667
T1+0,31,高輸出,2,elite,1,1,7,1158.75,567.375,0.061778,0
T1+0,31,高輸出,2,boss,1,5.541667,26.083333,1158.75,567.375,0.475846,0.208333
T1+0,31,高防禦,0,normal3,1,4.083333,25.458333,1366.416667,355.333333,0.034818,0
T1+0,31,高防禦,0,normal6,1,8,58.541667,1366.416667,355.333333,0.079414,0
T1+0,31,高防禦,0,elite,1,2.875,14.958333,1366.416667,355.333333,0.011144,0
T1+0,31,高防禦,0,boss,1,10.125,44.541667,1366.416667,355.333333,0.08206,0
T1+0,31,高防禦,1,normal3,1,5.416667,33.041667,1366.416667,355.333333,0.055639,0
T1+0,31,高防禦,1,normal6,1,10.708333,78.916667,1366.416667,355.333333,0.083602,0
T1+0,31,高防禦,1,elite,1,3.166667,17,1366.416667,355.333333,0.021213,0
T1+0,31,高防禦,1,boss,1,14.791667,64.208333,1366.416667,355.333333,0.146377,0
T1+0,31,高防禦,2,normal3,1,6.958333,40.833333,1366.416667,355.333333,0.084029,0
T1+0,31,高防禦,2,normal6,1,13.916667,102.5,1366.416667,355.333333,0.185935,0
T1+0,31,高防禦,2,elite,1,3.958333,19.958333,1366.416667,355.333333,0.032949,0
T1+0,31,高防禦,2,boss,1,20.125,89.416667,1366.416667,355.333333,0.316637,0.041667
T1+0,31,三戰士,0,normal3,1,2.166667,11.875,1301.416667,459.291667,0.003781,0
T1+0,31,三戰士,0,normal6,1,4.666667,28.916667,1301.416667,459.291667,0.07867,0
T1+0,31,三戰士,0,elite,1,1,7,1301.416667,459.291667,0.025495,0
T1+0,31,三戰士,0,boss,1,5.625,26.125,1301.416667,459.291667,0.202134,0
T1+0,31,三戰士,1,normal3,1,3.208333,21.166667,1301.416667,459.291667,0.10741,0
T1+0,31,三戰士,1,normal6,1,5.916667,45.75,1301.416667,459.291667,0.349451,0.083333
T1+0,31,三戰士,1,elite,1,1.958333,11,1301.416667,459.291667,0.054329,0
T1+0,31,三戰士,1,boss,1,7.458333,33.666667,1301.416667,459.291667,0.352196,0.125
T1+0,31,三戰士,2,normal3,1,4.166667,26.291667,1301.416667,459.291667,0.194852,0
T1+0,31,三戰士,2,normal6,1,9.625,64.625,1301.416667,459.291667,0.609631,0.708333
T1+0,31,三戰士,2,elite,1,2.125,12.25,1301.416667,459.291667,0.075263,0
T1+0,31,三戰士,2,boss,0.958333,11.791667,47.916667,1301.416667,459.291667,0.698571,0.708333
T1+0,31,雙法師,0,normal3,1,1.625,10.625,1070.75,600.375,0.0117,0
T1+0,31,雙法師,0,normal6,1,3.208333,19.75,1070.75,600.375,0.093255,0
T1+0,31,雙法師,0,elite,1,1,5.5,1070.75,600.375,0.029151,0
T1+0,31,雙法師,0,boss,1,2,11.916667,1070.75,600.375,0.049403,0
T1+0,31,雙法師,1,normal3,1,1.958333,11.583333,1070.75,600.375,0.024237,0
T1+0,31,雙法師,1,normal6,1,3.583333,22.416667,1070.75,600.375,0.153174,0
T1+0,31,雙法師,1,elite,1,1,7,1070.75,600.375,0.060356,0
T1+0,31,雙法師,1,boss,1,3,15.833333,1070.75,600.375,0.125171,0
T1+0,31,雙法師,2,normal3,1,2,11.708333,1070.75,600.375,0.031912,0
T1+0,31,雙法師,2,normal6,1,4.375,27.375,1070.75,600.375,0.278969,0
T1+0,31,雙法師,2,elite,1,1,7,1070.75,600.375,0.072497,0
T1+0,31,雙法師,2,boss,1,4.333333,22.458333,1070.75,600.375,0.367176,0
T1+0,45,安全,0,normal3,1,3.25,18.5,1769.708333,630.875,0.03553,0
T1+0,45,安全,0,normal6,1,6.5,44.166667,1769.708333,630.875,0.106044,0
T1+0,45,安全,0,elite,1,2,11,1769.708333,630.875,0.030328,0
T1+0,45,安全,0,boss,1,7,31.625,1769.708333,630.875,0.099164,0
T1+0,45,安全,1,normal3,1,4.416667,26.333333,1769.708333,630.875,0.07324,0
T1+0,45,安全,1,normal6,1,8.875,63.583333,1769.708333,630.875,0.201417,0.125
T1+0,45,安全,1,elite,1,2,12.833333,1769.708333,630.875,0.041629,0
T1+0,45,安全,1,boss,1,10.583333,46.125,1769.708333,630.875,0.160387,0
T1+0,45,安全,2,normal3,1,5.5,30.833333,1769.708333,630.875,0.095475,0
T1+0,45,安全,2,normal6,1,12.666667,83.75,1769.708333,630.875,0.347396,0.333333
T1+0,45,安全,2,elite,1,2.875,14.75,1769.708333,630.875,0.052931,0
T1+0,45,安全,2,boss,0.958333,14.916667,62.166667,1769.708333,630.875,0.380175,0.25
T1+0,45,平衡,0,normal3,1,2.083333,14.125,1769.25,733.791667,0.043041,0
T1+0,45,平衡,0,normal6,1,4.291667,31.5,1769.25,733.791667,0.116768,0
T1+0,45,平衡,0,elite,1,1,7,1769.25,733.791667,0.03831,0
T1+0,45,平衡,0,boss,1,5.083333,24.708333,1769.25,733.791667,0.112533,0
T1+0,45,平衡,1,normal3,1,3,19.875,1769.25,733.791667,0.086078,0
T1+0,45,平衡,1,normal6,1,6.041667,44.291667,1769.25,733.791667,0.266881,0.083333
T1+0,45,平衡,1,elite,1,1.208333,8.041667,1769.25,733.791667,0.049615,0
T1+0,45,平衡,1,boss,1,7.083333,32.666667,1769.25,733.791667,0.155652,0
T1+0,45,平衡,2,normal3,1,3.5,22.041667,1769.25,733.791667,0.114392,0
T1+0,45,平衡,2,normal6,1,7.583333,54.25,1769.25,733.791667,0.427715,0.166667
T1+0,45,平衡,2,elite,1,1.958333,12.125,1769.25,733.791667,0.06092,0
T1+0,45,平衡,2,boss,1,9.708333,42.875,1769.25,733.791667,0.28063,0.166667
T1+0,45,高輸出,0,normal3,1,1.625,11.583333,1596.708333,788.875,0.038079,0
T1+0,45,高輸出,0,normal6,1,3.625,24.125,1596.708333,788.875,0.204742,0
T1+0,45,高輸出,0,elite,1,1,5.5,1596.708333,788.875,0.027611,0
T1+0,45,高輸出,0,boss,1,3.041667,16.125,1596.708333,788.875,0.140491,0
T1+0,45,高輸出,1,normal3,1,2,13.041667,1596.708333,788.875,0.070452,0
T1+0,45,高輸出,1,normal6,1,4.916667,33.166667,1596.708333,788.875,0.442613,0.041667
T1+0,45,高輸出,1,elite,1,1,7,1596.708333,788.875,0.055531,0
T1+0,45,高輸出,1,boss,1,4.916667,24.125,1596.708333,788.875,0.391953,0.041667
T1+0,45,高輸出,2,normal3,1,2.458333,16.333333,1596.708333,788.875,0.149018,0
T1+0,45,高輸出,2,normal6,0.916667,6.166667,41.5,1596.708333,788.875,0.756547,0.833333
T1+0,45,高輸出,2,elite,1,1,8.5,1596.708333,788.875,0.068192,0
T1+0,45,高輸出,2,boss,1,6.791667,30.291667,1596.708333,788.875,0.625088,0.625
T1+0,45,高防禦,0,normal3,1,4.375,27.916667,1892.75,478.291667,0.043169,0
T1+0,45,高防禦,0,normal6,1,8.166667,63.083333,1892.75,478.291667,0.065545,0
T1+0,45,高防禦,0,elite,1,2.875,15.041667,1892.75,478.291667,0.013456,0
T1+0,45,高防禦,0,boss,1,11.041667,47.958333,1892.75,478.291667,0.094383,0
T1+0,45,高防禦,1,normal3,1,6,35.291667,1892.75,478.291667,0.066578,0
T1+0,45,高防禦,1,normal6,1,11.75,85.583333,1892.75,478.291667,0.102454,0
T1+0,45,高防禦,1,elite,1,3.208333,17.458333,1892.75,478.291667,0.024139,0
T1+0,45,高防禦,1,boss,1,16.583333,72,1892.75,478.291667,0.216973,0
T1+0,45,高防禦,2,normal3,1,7.458333,43.958333,1892.75,478.291667,0.092315,0
T1+0,45,高防禦,2,normal6,1,16.083333,116.083333,1892.75,478.291667,0.30574,0.166667
T1+0,45,高防禦,2,elite,1,4.208333,21.25,1892.75,478.291667,0.038242,0
T1+0,45,高防禦,2,boss,1,21.833333,95.666667,1892.75,478.291667,0.393723,0.083333
T1+0,45,三戰士,0,normal3,1,2.25,15.375,1796.25,632.291667,0.055765,0
T1+0,45,三戰士,0,normal6,1,5,36.666667,1796.25,632.291667,0.208399,0
T1+0,45,三戰士,0,elite,1,1,7,1796.25,632.291667,0.028874,0
T1+0,45,三戰士,0,boss,1,6.083333,27.958333,1796.25,632.291667,0.242374,0
T1+0,45,三戰士,1,normal3,1,3.5,22.291667,1796.25,632.291667,0.127672,0
T1+0,45,三戰士,1,normal6,1,6.708333,51.708333,1796.25,632.291667,0.432614,0.166667
T1+0,45,三戰士,1,elite,1,1.208333,8,1796.25,632.291667,0.043799,0
T1+0,45,三戰士,1,boss,1,9.125,39.041667,1796.25,632.291667,0.478783,0.291667
T1+0,45,三戰士,2,normal3,1,4.583333,27.791667,1796.25,632.291667,0.21129,0
T1+0,45,三戰士,2,normal6,0.791667,14.375,82.833333,1796.25,632.291667,0.792624,1.458333
T1+0,45,三戰士,2,elite,1,2.208333,12.5,1796.25,632.291667,0.084262,0
T1+0,45,三戰士,2,boss,0.666667,13.708333,53,1796.25,632.291667,0.874942,1.458333
T1+0,45,雙法師,0,normal3,1,1.625,10.625,1473.208333,834.375,0.013309,0
T1+0,45,雙法師,0,normal6,1,3.5,22,1473.208333,834.375,0.130511,0
T1+0,45,雙法師,0,elite,1,1,5.5,1473.208333,834.375,0.032436,0
T1+0,45,雙法師,0,boss,1,2.875,15.208333,1473.208333,834.375,0.10255,0
T1+0,45,雙法師,1,normal3,1,1.791667,11.416667,1473.208333,834.375,0.026142,0
T1+0,45,雙法師,1,normal6,1,4.541667,28.583333,1473.208333,834.375,0.280766,0
T1+0,45,雙法師,1,elite,1,1,7,1473.208333,834.375,0.066268,0
T1+0,45,雙法師,1,boss,1,4.625,23.375,1473.208333,834.375,0.349524,0.041667
T1+0,45,雙法師,2,normal3,1,2.333333,14.416667,1473.208333,834.375,0.074891,0
T1+0,45,雙法師,2,normal6,1,5.875,38.958333,1473.208333,834.375,0.580878,0.25
T1+0,45,雙法師,2,elite,1,1,8.5,1473.208333,834.375,0.080635,0
T1+0,45,雙法師,2,boss,1,6.333333,29.791667,1473.208333,834.375,0.547494,0.208333
T1+0,60,安全,0,normal3,1,3.291667,18.708333,2337.583333,831.458333,0.020836,0
T1+0,60,安全,0,normal6,1,7.041667,47.291667,2337.583333,831.458333,0.092126,0
T1+0,60,安全,0,elite,1,2,11,2337.583333,831.458333,0.031468,0
T1+0,60,安全,0,boss,1,8.333333,36.666667,2337.583333,831.458333,0.106004,0
T1+0,60,安全,1,normal3,1,5,28.5,2337.583333,831.458333,0.068122,0
T1+0,60,安全,1,normal6,1,9.666667,68.333333,2337.583333,831.458333,0.205071,0
T1+0,60,安全,1,elite,1,2,13,2337.583333,831.458333,0.043019,0
T1+0,60,安全,1,boss,1,12.666667,53.708333,2337.583333,831.458333,0.205381,0.041667
T1+0,60,安全,2,normal3,1,6.541667,36.208333,2337.583333,831.458333,0.100223,0
T1+0,60,安全,2,normal6,0.875,18.083333,109.666667,2337.583333,831.458333,0.520652,0.75
T1+0,60,安全,2,elite,1,3,16.375,2337.583333,831.458333,0.05457,0
T1+0,60,安全,2,boss,0.958333,20.25,82.5,2337.583333,831.458333,0.543612,0.708333
T1+0,60,平衡,0,normal3,1,2.166667,12.791667,2337,968.875,0.023372,0
T1+0,60,平衡,0,normal6,1,4.541667,30.958333,2337,968.875,0.112404,0
T1+0,60,平衡,0,elite,1,1.208333,8.041667,2337,968.875,0.039647,0
T1+0,60,平衡,0,boss,1,6,27.958333,2337,968.875,0.128507,0
T1+0,60,平衡,1,normal3,1,3.25,20.208333,2337,968.875,0.083681,0
T1+0,60,平衡,1,normal6,1,6.458333,45.166667,2337,968.875,0.272,0.041667
T1+0,60,平衡,1,elite,1,1.958333,11.916667,2337,968.875,0.0512,0
T1+0,60,平衡,1,boss,1,7.75,35.75,2337,968.875,0.187875,0
T1+0,60,平衡,2,normal3,1,4.166667,25.375,2337,968.875,0.136615,0
T1+0,60,平衡,2,normal6,0.958333,9.166667,65.833333,2337,968.875,0.514644,0.333333
T1+0,60,平衡,2,elite,1,2,12.791667,2337,968.875,0.062736,0
T1+0,60,平衡,2,boss,1,11.083333,48.625,2337,968.875,0.346314,0.166667
T1+0,60,高輸出,0,normal3,1,1.625,10.625,2107.583333,1041.958333,0.016426,0
T1+0,60,高輸出,0,normal6,1,3.791667,23.458333,2107.583333,1041.958333,0.172922,0
T1+0,60,高輸出,0,elite,1,1,7,2107.583333,1041.958333,0.044562,0
T1+0,60,高輸出,0,boss,1,3.75,19.083333,2107.583333,1041.958333,0.199441,0
T1+0,60,高輸出,1,normal3,1,2.166667,14.75,2107.583333,1041.958333,0.090264,0
T1+0,60,高輸出,1,normal6,1,5.291667,36.375,2107.583333,1041.958333,0.513353,0.083333
T1+0,60,高輸出,1,elite,1,1,8.625,2107.583333,1041.958333,0.057374,0
T1+0,60,高輸出,1,boss,1,5.916667,27.375,2107.583333,1041.958333,0.419867,0
T1+0,60,高輸出,2,normal3,1,3.041667,18.5,2107.583333,1041.958333,0.188198,0
T1+0,60,高輸出,2,normal6,0.458333,6.583333,47.041667,2107.583333,1041.958333,0.951683,2.083333
T1+0,60,高輸出,2,elite,1,1,10,2107.583333,1041.958333,0.070185,0
T1+0,60,高輸出,2,boss,0.875,8.125,33.916667,2107.583333,1041.958333,0.752286,1.25
T1+0,60,高防禦,0,normal3,1,5.125,29.875,2499,625.875,0.043878,0
T1+0,60,高防禦,0,normal6,1,9.666667,68.958333,2499,625.875,0.097988,0
T1+0,60,高防禦,0,elite,1,2.958333,15.958333,2499,625.875,0.014506,0
T1+0,60,高防禦,0,boss,1,13.041667,56.583333,2499,625.875,0.106284,0
T1+0,60,高防禦,1,normal3,1,6.791667,39.125,2499,625.875,0.065558,0
T1+0,60,高防禦,1,normal6,1,13.541667,97.875,2499,625.875,0.139831,0
T1+0,60,高防禦,1,elite,1,3.875,19.625,2499,625.875,0.0257,0
T1+0,60,高防禦,1,boss,1,19.416667,86.791667,2499,625.875,0.253217,0
T1+0,60,高防禦,2,normal3,1,8.875,51,2499,625.875,0.109439,0
T1+0,60,高防禦,2,normal6,1,19.791667,141.791667,2499,625.875,0.423906,0.208333
T1+0,60,高防禦,2,elite,1,4.958333,23.708333,2499,625.875,0.045941,0
T1+0,60,高防禦,2,boss,1,26,112.333333,2499,625.875,0.454172,0.083333
T1+0,60,三戰士,0,normal3,1,3.166667,16.958333,2369,832.375,0.026895,0
T1+0,60,三戰士,0,normal6,1,5.625,36.666667,2369,832.375,0.141942,0
T1+0,60,三戰士,0,elite,1,1.208333,8.25,2369,832.375,0.032078,0
T1+0,60,三戰士,0,boss,1,6.708333,30.75,2369,832.375,0.275677,0
T1+0,60,三戰士,1,normal3,1,4,22.833333,2369,832.375,0.107804,0
T1+0,60,三戰士,1,normal6,1,8.25,55.583333,2369,832.375,0.433668,0.416667
T1+0,60,三戰士,1,elite,1,2,11.291667,2369,832.375,0.063875,0
T1+0,60,三戰士,1,boss,1,11.375,47.291667,2369,832.375,0.628605,0.375
T1+0,60,三戰士,2,normal3,1,5.166667,31.041667,2369,832.375,0.254777,0
T1+0,60,三戰士,2,normal6,0.333333,16.291667,92.791667,2369,832.375,0.948924,2.375
T1+0,60,三戰士,2,elite,1,2.875,14.833333,2369,832.375,0.087966,0
T1+0,60,三戰士,2,boss,0.041667,15.083333,54.833333,2369,832.375,0.99951,2.958333
T1+0,60,雙法師,0,normal3,1,1.625,10.625,1945.583333,1102.958333,0.013842,0
T1+0,60,雙法師,0,normal6,1,3.666667,22.875,1945.583333,1102.958333,0.141047,0
T1+0,60,雙法師,0,elite,1,1,7,1945.583333,1102.958333,0.054162,0
T1+0,60,雙法師,0,boss,1,3.5,18.083333,1945.583333,1102.958333,0.140269,0
T1+0,60,雙法師,1,normal3,1,2.083333,13.5,1945.583333,1102.958333,0.048643,0
T1+0,60,雙法師,1,normal6,1,5.166667,34.791667,1945.583333,1102.958333,0.403504,0
T1+0,60,雙法師,1,elite,1,1,8.625,1945.583333,1102.958333,0.06804,0
T1+0,60,雙法師,1,boss,1,5.875,26.875,1945.583333,1102.958333,0.345881,0.041667
T1+0,60,雙法師,2,normal3,1,2.708333,16.25,1945.583333,1102.958333,0.109436,0
T1+0,60,雙法師,2,normal6,0.916667,6.416667,43.666667,1945.583333,1102.958333,0.714425,0.625
T1+0,60,雙法師,2,elite,1,1,10,1945.583333,1102.958333,0.081918,0
T1+0,60,雙法師,2,boss,1,7.083333,32.166667,1945.583333,1102.958333,0.567776,0.5
