level,requirement,normal,share,kills,encounters,eliteShare,bossShare
1,48,27,9,6,1.1851851851851851,20,90
2,84,36,12,7,1.5555555555555556,26,120
3,132,45,15,9,1.9555555555555557,33,150
4,192,54,18,11,2.3703703703703702,40,180
5,264,63,21,13,2.7936507936507935,46,210
6,348,72,24,15,3.2222222222222223,53,240
7,444,81,27,17,3.654320987654321,59,270
8,552,90,30,19,4.088888888888889,66,300
9,672,99,33,21,4.525252525252525,73,330
10,804,108,36,23,4.962962962962963,79,360
11,948,117,39,25,5.401709401709401,86,390
12,1104,126,42,27,5.841269841269841,92,420
13,1272,135,45,29,6.281481481481482,99,450
14,1452,144,48,31,6.722222222222222,106,480
15,1644,153,51,33,7.163398692810457,112,510
16,1848,162,54,35,7.604938271604938,119,540
17,2064,171,57,37,8.046783625730994,125,570
18,2292,180,60,39,8.488888888888889,132,600
19,2532,189,63,41,8.93121693121693,139,630
20,2784,198,66,43,9.373737373737374,145,660
21,3048,207,69,45,9.816425120772946,152,690
22,3324,216,72,47,10.25925925925926,158,720
23,3612,225,75,49,10.702222222222222,165,750
24,3912,234,78,51,11.145299145299145,172,780
25,4224,243,81,53,11.588477366255143,178,810
26,4548,252,84,55,12.031746031746032,185,840
27,4884,261,87,57,12.475095785440613,191,870
28,5232,270,90,59,12.918518518518518,198,900
29,5592,279,93,61,13.362007168458781,205,930
30,5964,288,96,63,13.805555555555555,211,960
31,6348,297,99,65,14.24915824915825,218,990
32,6744,306,102,67,14.692810457516341,224,1020
33,7152,315,105,69,15.136507936507936,231,1050
34,7572,324,108,71,15.580246913580247,238,1080
35,8004,333,111,73,16.024024024024026,244,1110
36,8448,342,114,75,16.46783625730994,251,1140
37,8904,351,117,77,16.91168091168091,257,1170
38,9372,360,120,79,17.355555555555554,264,1200
39,9852,369,123,81,17.799457994579946,271,1230
40,10344,378,126,83,18.243386243386244,277,1260
41,10848,387,129,85,18.68733850129199,284,1290
42,11364,396,132,87,19.13131313131313,290,1320
43,11892,405,135,89,19.575308641975308,297,1350
44,12432,414,138,91,20.019323671497585,304,1380
45,12984,423,141,93,20.46335697399527,310,1410
46,13548,432,144,95,20.907407407407405,317,1440
47,14124,441,147,97,21.351473922902493,323,1470
48,14712,450,150,99,21.795555555555556,330,1500
49,15312,459,153,101,22.239651416122005,337,1530
50,15924,468,156,103,22.683760683760685,343,1560
51,16548,477,159,105,23.127882599580712,350,1590
52,17184,486,162,107,23.57201646090535,356,1620
53,17832,495,165,109,24.016161616161618,363,1650
54,18492,504,168,111,24.46031746031746,370,1680
55,19164,513,171,113,24.90448343079922,376,1710
56,19848,522,174,115,25.34865900383142,383,1740
57,20544,531,177,117,25.792843691148775,389,1770
58,21252,540,180,119,26.237037037037037,396,1800
59,21972,549,183,121,26.681238615664846,403,1830
60,,558,186,,,409,1860
